sunnyartis.de/about,https://www.sunnyartis.de/,301,,,,
www.sunnyartis.de/about,https://www.sunnyartis.de/,301,,,,
sunnyartis.de/ads.txt,https://www.sunnyartis.de/,301,,,,
www.sunnyartis.de/ads.txt,https://www.sunnyartis.de/,301,,,,
sunnyartis.de/app/download/10415768485/sunnyartis_plotterdateien_0073herzsilhoutte.zip,https://www.sunnyartis.de/,301,,,,
www.sunnyartis.de/app/download/10415768485/sunnyartis_plotterdateien_0073herzsilhoutte.zip,https://www.sunnyartis.de/,301,,,,
sunnyartis.de/app/download/9984098585/sunnyartis_plotterdateien_0073herzsilhoutte.zip,https://www.sunnyartis.de/,301,,,,
www.sunnyartis.de/app/download/9984098585/sunnyartis_plotterdateien_0073herzsilhoutte.zip,https://www.sunnyartis.de/,301,,,,
sunnyartis.de/app/module/webproduct/goto/m/m1fc24a56b07bc7d6,https://www.sunnyartis.de/,301,,,,
www.sunnyartis.de/app/module/webproduct/goto/m/m1fc24a56b07bc7d6,https://www.sunnyartis.de/,301,,,,
sunnyartis.de/b,https://www.sunnyartis.de/,301,,,,
www.sunnyartis.de/b,https://www.sunnyartis.de/,301,,,,
sunnyartis.de/blogs/news,https://www.sunnyartis.de/blog,301,,,,
www.sunnyartis.de/blogs/news,https://www.sunnyartis.de/blog,301,,,,
sunnyartis.de/blogs/news/anleitung-federn-zeichnen,https://www.sunnyartis.de/blog/federn-zeichnen,301,,,,
www.sunnyartis.de/blogs/news/anleitung-federn-zeichnen,https://www.sunnyartis.de/blog/federn-zeichnen,301,,,,
sunnyartis.de/blogs/news/das-sind-wir,https://www.sunnyartis.de/blog/das-sind-wir,301,,,,
www.sunnyartis.de/blogs/news/das-sind-wir,https://www.sunnyartis.de/blog/das-sind-wir,301,,,,
sunnyartis.de/blogs/news/ein-wochenende-voller-kreativitat-auf-dem-kreativmarkt-magdeburg,https://www.sunnyartis.de/blog/kreativmarkt-magdeburg,301,,,,
www.sunnyartis.de/blogs/news/ein-wochenende-voller-kreativitat-auf-dem-kreativmarkt-magdeburg,https://www.sunnyartis.de/blog/kreativmarkt-magdeburg,301,,,,
sunnyartis.de/blogs/news/eine-feder-zeichnen,https://www.sunnyartis.de/blog/federn-zeichnen,301,,,,
www.sunnyartis.de/blogs/news/eine-feder-zeichnen,https://www.sunnyartis.de/blog/federn-zeichnen,301,,,,
sunnyartis.de/blogs/news/halloween-laterne-selber-machen-plotteranleitung,https://www.sunnyartis.de/blog/halloween-laterne,301,,,,
www.sunnyartis.de/blogs/news/halloween-laterne-selber-machen-plotteranleitung,https://www.sunnyartis.de/blog/halloween-laterne,301,,,,
sunnyartis.de/blogs/news/kreatives-ausmalen-auf-leinwand,https://www.sunnyartis.de/blog/ausmalen-leinwand,301,,,,
www.sunnyartis.de/blogs/news/kreatives-ausmalen-auf-leinwand,https://www.sunnyartis.de/blog/ausmalen-leinwand,301,,,,
sunnyartis.de/cdn,https://www.sunnyartis.de/,301,,,,
www.sunnyartis.de/cdn,https://www.sunnyartis.de/,301,,,,
sunnyartis.de/cmd_sco,https://www.sunnyartis.de/,301,,,,
www.sunnyartis.de/cmd_sco,https://www.sunnyartis.de/,301,,,,
sunnyartis.de/collections/50x50,https://www.sunnyartis.de/gemaelde,301,,,,
www.sunnyartis.de/collections/50x50,https://www.sunnyartis.de/gemaelde,301,,,,
sunnyartis.de/collections/all/products/3d-datei-blume-digitale-datei,https://www.sunnyartis.de/,301,,,,
www.sunnyartis.de/collections/all/products/3d-datei-blume-digitale-datei,https://www.sunnyartis.de/,301,,,,
sunnyartis.de/collections/all/products/6er-set-kreisformige-umrandungen,https://www.sunnyartis.de/,301,,,,
www.sunnyartis.de/collections/all/products/6er-set-kreisformige-umrandungen,https://www.sunnyartis.de/,301,,,,
sunnyartis.de/collections/all/products/8er-herzset,https://www.sunnyartis.de/,301,,,,
www.sunnyartis.de/collections/all/products/8er-herzset,https://www.sunnyartis.de/,301,,,,
sunnyartis.de/collections/all/products/as002,https://www.sunnyartis.de/schmuck,301,,,,
www.sunnyartis.de/collections/all/products/as002,https://www.sunnyartis.de/schmuck,301,,,,
sunnyartis.de/collections/all/products/high-top-leinenschuhe-fur-damen-blumen-muster,https://www.sunnyartis.de/,301,,,,
www.sunnyartis.de/collections/all/products/high-top-leinenschuhe-fur-damen-blumen-muster,https://www.sunnyartis.de/,301,,,,
sunnyartis.de/collections/all/products/kopie-von-diamantenglanz-raute-ohrhanger-2,https://www.sunnyartis.de/,301,,,,
www.sunnyartis.de/collections/all/products/kopie-von-diamantenglanz-raute-ohrhanger-2,https://www.sunnyartis.de/,301,,,,
sunnyartis.de/collections/all/products/ks011,https://www.sunnyartis.de/schmuck,301,,,,
www.sunnyartis.de/collections/all/products/ks011,https://www.sunnyartis.de/schmuck,301,,,,
sunnyartis.de/collections/all/products/ks035,https://www.sunnyartis.de/schmuck,301,,,,
www.sunnyartis.de/collections/all/products/ks035,https://www.sunnyartis.de/schmuck,301,,,,
sunnyartis.de/collections/all/products/os003,https://www.sunnyartis.de/schmuck,301,,,,
www.sunnyartis.de/collections/all/products/os003,https://www.sunnyartis.de/schmuck,301,,,,
sunnyartis.de/collections/all/products/os010,https://www.sunnyartis.de/schmuck,301,,,,
www.sunnyartis.de/collections/all/products/os010,https://www.sunnyartis.de/schmuck,301,,,,
sunnyartis.de/collections/all/products/os030,https://www.sunnyartis.de/schmuck,301,,,,
www.sunnyartis.de/collections/all/products/os030,https://www.sunnyartis.de/schmuck,301,,,,
sunnyartis.de/collections/all/products/os069,https://www.sunnyartis.de/,301,,,,
www.sunnyartis.de/collections/all/products/os069,https://www.sunnyartis.de/,301,,,,
sunnyartis.de/collections/all/products/plottersatei-bluetenherz,https://www.sunnyartis.de/downloads,301,,,,
www.sunnyartis.de/collections/all/products/plottersatei-bluetenherz,https://www.sunnyartis.de/downloads,301,,,,
sunnyartis.de/collections/all/products/retro-gamer-tetris-design,https://www.sunnyartis.de/downloads,301,,,,
www.sunnyartis.de/collections/all/products/retro-gamer-tetris-design,https://www.sunnyartis.de/downloads,301,,,,
sunnyartis.de/collections/armbander,https://www.sunnyartis.de/schmuck,301,,,,
www.sunnyartis.de/collections/armbander,https://www.sunnyartis.de/schmuck,301,,,,
sunnyartis.de/collections/armbander/products/as005,https://www.sunnyartis.de/,301,,,,
www.sunnyartis.de/collections/armbander/products/as005,https://www.sunnyartis.de/,301,,,,
sunnyartis.de/collections/armbander/products/glanzvolle-eleganz-armband,https://www.sunnyartis.de/,301,,,,
www.sunnyartis.de/collections/armbander/products/glanzvolle-eleganz-armband,https://www.sunnyartis.de/,301,,,,
sunnyartis.de/collections/ausmalen,https://www.sunnyartis.de/malen,301,,,,
www.sunnyartis.de/collections/ausmalen,https://www.sunnyartis.de/malen,301,,,,
sunnyartis.de/collections/ausmalprodukte,https://www.sunnyartis.de/malen,301,,,,
www.sunnyartis.de/collections/ausmalprodukte,https://www.sunnyartis.de/malen,301,,,,
sunnyartis.de/collections/ausmalprodukte-1,https://www.sunnyartis.de/malen,301,,,,
www.sunnyartis.de/collections/ausmalprodukte-1,https://www.sunnyartis.de/malen,301,,,,
sunnyartis.de/collections/ausmalprodukte/products/leinwand-mit-ausmalmotiv-selbstbewusste-frau,https://www.sunnyartis.de/malen,301,,,,
www.sunnyartis.de/collections/ausmalprodukte/products/leinwand-mit-ausmalmotiv-selbstbewusste-frau,https://www.sunnyartis.de/malen,301,,,,
sunnyartis.de/collections/basteldateien,https://www.sunnyartis.de/basteln,301,,,,
www.sunnyartis.de/collections/basteldateien,https://www.sunnyartis.de/basteln,301,,,,
sunnyartis.de/collections/basteldateien/products/karte-mit-muster-digitales-design,https://www.sunnyartis.de/,301,,,,
www.sunnyartis.de/collections/basteldateien/products/karte-mit-muster-digitales-design,https://www.sunnyartis.de/,301,,,,
sunnyartis.de/collections/basteldateien/products/shadowbox-halloween-digitales-design,https://www.sunnyartis.de/,301,,,,
www.sunnyartis.de/collections/basteldateien/products/shadowbox-halloween-digitales-design,https://www.sunnyartis.de/,301,,,,
sunnyartis.de/collections/clipart,https://www.sunnyartis.de/downloads,301,,,,
www.sunnyartis.de/collections/clipart,https://www.sunnyartis.de/downloads,301,,,,
sunnyartis.de/collections/frontpage,https://www.sunnyartis.de/,301,,,,
www.sunnyartis.de/collections/frontpage,https://www.sunnyartis.de/,301,,,,
sunnyartis.de/collections/h,https://www.sunnyartis.de/,301,,,,
www.sunnyartis.de/collections/h,https://www.sunnyartis.de/,301,,,,
sunnyartis.de/collections/halloween,https://www.sunnyartis.de/downloads,301,,,,
www.sunnyartis.de/collections/halloween,https://www.sunnyartis.de/downloads,301,,,,
sunnyartis.de/collections/herbst,https://www.sunnyartis.de/downloads,301,,,,
www.sunnyartis.de/collections/herbst,https://www.sunnyartis.de/downloads,301,,,,
sunnyartis.de/collections/ketten,https://www.sunnyartis.de/schmuck,301,,,,
www.sunnyartis.de/collections/ketten,https://www.sunnyartis.de/schmuck,301,,,,
sunnyartis.de/collections/ketten/products/ks015,https://www.sunnyartis.de/schmuck,301,,,,
www.sunnyartis.de/collections/ketten/products/ks015,https://www.sunnyartis.de/schmuck,301,,,,
sunnyartis.de/collections/ketten/products/ks023,https://www.sunnyartis.de/,301,,,,
www.sunnyartis.de/collections/ketten/products/ks023,https://www.sunnyartis.de/,301,,,,
sunnyartis.de/collections/kostenlose-ausmalbilder,https://www.sunnyartis.de/malen,301,,,,
www.sunnyartis.de/collections/kostenlose-ausmalbilder,https://www.sunnyartis.de/malen,301,,,,
sunnyartis.de/collections/kostenlose-ausmalbilder/products/blumen-malbild,https://www.sunnyartis.de/malen,301,,,,
www.sunnyartis.de/collections/kostenlose-ausmalbilder/products/blumen-malbild,https://www.sunnyartis.de/malen,301,,,,
sunnyartis.de/collections/kostenlose-ausmalbilder/products/ente-mit-pinsel,https://www.sunnyartis.de/malen,301,,,,
www.sunnyartis.de/collections/kostenlose-ausmalbilder/products/ente-mit-pinsel,https://www.sunnyartis.de/malen,301,,,,
sunnyartis.de/collections/kostenlose-plotterdateien,https://www.sunnyartis.de/downloads,301,,,,
www.sunnyartis.de/collections/kostenlose-plotterdateien,https://www.sunnyartis.de/downloads,301,,,,
sunnyartis.de/collections/kostenlose-plotterdateien/products/bezaubernde-herzsilhouette,https://www.sunnyartis.de/downloads,301,,,,
www.sunnyartis.de/collections/kostenlose-plotterdateien/products/bezaubernde-herzsilhouette,https://www.sunnyartis.de/downloads,301,,,,
sunnyartis.de/collections/kostenlose-plotterdateien/products/immer-verbunden-druckschrift,https://www.sunnyartis.de/,301,,,,
www.sunnyartis.de/collections/kostenlose-plotterdateien/products/immer-verbunden-druckschrift,https://www.sunnyartis.de/,301,,,,
sunnyartis.de/collections/kostenlose-plotterdateien/products/immer-verbundenschreibschrift,https://www.sunnyartis.de/,301,,,,
www.sunnyartis.de/collections/kostenlose-plotterdateien/products/immer-verbundenschreibschrift,https://www.sunnyartis.de/,301,,,,
sunnyartis.de/collections/kostenlose-plotterdateien/products/karte-mit-muster-digitales-design,https://www.sunnyartis.de/,301,,,,
www.sunnyartis.de/collections/kostenlose-plotterdateien/products/karte-mit-muster-digitales-design,https://www.sunnyartis.de/,301,,,,
sunnyartis.de/collections/kostenlose-plotterdateien/products/sommer-cocktail,https://www.sunnyartis.de/,301,,,,
www.sunnyartis.de/collections/kostenlose-plotterdateien/products/sommer-cocktail,https://www.sunnyartis.de/,301,,,,
sunnyartis.de/collections/kostenlose-plotterdateien/products/weihnachts-geschenkanhaenger,https://www.sunnyartis.de/,301,,,,
www.sunnyartis.de/collections/kostenlose-plotterdateien/products/weihnachts-geschenkanhaenger,https://www.sunnyartis.de/,301,,,,
sunnyartis.de/collections/kunst-auf-postern,https://www.sunnyartis.de/gemaelde,301,,,,
www.sunnyartis.de/collections/kunst-auf-postern,https://www.sunnyartis.de/gemaelde,301,,,,
sunnyartis.de/collections/leinwande,https://www.sunnyartis.de/malen,301,,,,
www.sunnyartis.de/collections/leinwande,https://www.sunnyartis.de/malen,301,,,,
sunnyartis.de/collections/leinwande/products/leinwand-mit-ausmalmotiv-rosen-einhorn,https://www.sunnyartis.de/malen,301,,,,
www.sunnyartis.de/collections/leinwande/products/leinwand-mit-ausmalmotiv-rosen-einhorn,https://www.sunnyartis.de/malen,301,,,,
sunnyartis.de/collections/lizenzen,https://www.sunnyartis.de/downloads,301,,,,
www.sunnyartis.de/collections/lizenzen,https://www.sunnyartis.de/downloads,301,,,,
sunnyartis.de/collections/lizenzen/products/gewerbliche-lizenz-fur-eine-datei,https://www.sunnyartis.de/,301,,,,
www.sunnyartis.de/collections/lizenzen/products/gewerbliche-lizenz-fur-eine-datei,https://www.sunnyartis.de/,301,,,,
sunnyartis.de/collections/malbucher,https://www.sunnyartis.de/malen,301,,,,
www.sunnyartis.de/collections/malbucher,https://www.sunnyartis.de/malen,301,,,,
sunnyartis.de/collections/malbucher-1,https://www.sunnyartis.de/malen,301,,,,
www.sunnyartis.de/collections/malbucher-1,https://www.sunnyartis.de/malen,301,,,,
sunnyartis.de/collections/malbucher/products/fantasie-in-farbe,https://www.sunnyartis.de/malen,301,,,,
www.sunnyartis.de/collections/malbucher/products/fantasie-in-farbe,https://www.sunnyartis.de/malen,301,,,,
sunnyartis.de/collections/malbucher/products/fantasie-in-farbe-malbuch,https://www.sunnyartis.de/,301,,,,
www.sunnyartis.de/collections/malbucher/products/fantasie-in-farbe-malbuch,https://www.sunnyartis.de/,301,,,,
sunnyartis.de/collections/muster,https://www.sunnyartis.de/downloads,301,,,,
www.sunnyartis.de/collections/muster,https://www.sunnyartis.de/downloads,301,,,,
sunnyartis.de/collections/notizbucher,https://www.sunnyartis.de/,301,,,,
www.sunnyartis.de/collections/notizbucher,https://www.sunnyartis.de/,301,,,,
sunnyartis.de/collections/ohrringe-ohrstecker,https://www.sunnyartis.de/schmuck,301,,,,
www.sunnyartis.de/collections/ohrringe-ohrstecker,https://www.sunnyartis.de/schmuck,301,,,,
sunnyartis.de/collections/ohrringe-ohrstecker/products/kopie-von-elegance-noir-ohrhanger,https://www.sunnyartis.de/,301,,,,
www.sunnyartis.de/collections/ohrringe-ohrstecker/products/kopie-von-elegance-noir-ohrhanger,https://www.sunnyartis.de/,301,,,,
sunnyartis.de/collections/ohrringe-ohrstecker/products/kopie-von-os005,https://www.sunnyartis.de/,301,,,,
www.sunnyartis.de/collections/ohrringe-ohrstecker/products/kopie-von-os005,https://www.sunnyartis.de/,301,,,,
sunnyartis.de/collections/ohrringe-ohrstecker/products/os001,https://www.sunnyartis.de/,301,,,,
www.sunnyartis.de/collections/ohrringe-ohrstecker/products/os001,https://www.sunnyartis.de/,301,,,,
sunnyartis.de/collections/ohrringe-ohrstecker/products/os010,https://www.sunnyartis.de/schmuck,301,,,,
www.sunnyartis.de/collections/ohrringe-ohrstecker/products/os010,https://www.sunnyartis.de/schmuck,301,,,,
sunnyartis.de/collections/ohrringe-ohrstecker/products/os030,https://www.sunnyartis.de/schmuck,301,,,,
www.sunnyartis.de/collections/ohrringe-ohrstecker/products/os030,https://www.sunnyartis.de/schmuck,301,,,,
sunnyartis.de/collections/ohrringe-ohrstecker/products/os056,https://www.sunnyartis.de/,301,,,,
www.sunnyartis.de/collections/ohrringe-ohrstecker/products/os056,https://www.sunnyartis.de/,301,,,,
sunnyartis.de/collections/ol-und-acrylgemalde,https://www.sunnyartis.de/gemaelde,301,,,,
www.sunnyartis.de/collections/ol-und-acrylgemalde,https://www.sunnyartis.de/gemaelde,301,,,,
sunnyartis.de/collections/ostern,https://www.sunnyartis.de/downloads,301,,,,
www.sunnyartis.de/collections/ostern,https://www.sunnyartis.de/downloads,301,,,,
sunnyartis.de/collections/ostern/products/fantasie-in-farbe-malbuch,https://www.sunnyartis.de/,301,,,,
www.sunnyartis.de/collections/ostern/products/fantasie-in-farbe-malbuch,https://www.sunnyartis.de/,301,,,,
sunnyartis.de/collections/ostern/products/kopie-von-ks033,https://www.sunnyartis.de/,301,,,,
www.sunnyartis.de/collections/ostern/products/kopie-von-ks033,https://www.sunnyartis.de/,301,,,,
sunnyartis.de/collections/ostern/products/ks011,https://www.sunnyartis.de/schmuck,301,,,,
www.sunnyartis.de/collections/ostern/products/ks011,https://www.sunnyartis.de/schmuck,301,,,,
sunnyartis.de/collections/ostern/products/ks035,https://www.sunnyartis.de/schmuck,301,,,,
www.sunnyartis.de/collections/ostern/products/ks035,https://www.sunnyartis.de/schmuck,301,,,,
sunnyartis.de/collections/ostern/products/os003,https://www.sunnyartis.de/schmuck,301,,,,
www.sunnyartis.de/collections/ostern/products/os003,https://www.sunnyartis.de/schmuck,301,,,,
sunnyartis.de/collections/ostern/products/os010,https://www.sunnyartis.de/,301,,,,
www.sunnyartis.de/collections/ostern/products/os010,https://www.sunnyartis.de/,301,,,,
sunnyartis.de/collections/ostern/products/os030,https://www.sunnyartis.de/schmuck,301,,,,
www.sunnyartis.de/collections/ostern/products/os030,https://www.sunnyartis.de/schmuck,301,,,,
sunnyartis.de/collections/ostern/products/plottersatei-bluetenherz,https://www.sunnyartis.de/,301,,,,
www.sunnyartis.de/collections/ostern/products/plottersatei-bluetenherz,https://www.sunnyartis.de/,301,,,,
sunnyartis.de/collections/plotter-und-schneidedateien,https://www.sunnyartis.de/downloads,301,,,,
www.sunnyartis.de/collections/plotter-und-schneidedateien,https://www.sunnyartis.de/downloads,301,,,,
sunnyartis.de/collections/plotter-und-schneidedateien/products/aehm-nein-faultier,https://www.sunnyartis.de/downloads,301,,,,
www.sunnyartis.de/collections/plotter-und-schneidedateien/products/aehm-nein-faultier,https://www.sunnyartis.de/downloads,301,,,,
sunnyartis.de/collections/plotter-und-schneidedateien/products/haschen,https://www.sunnyartis.de/downloads,301,,,,
www.sunnyartis.de/collections/plotter-und-schneidedateien/products/haschen,https://www.sunnyartis.de/downloads,301,,,,
sunnyartis.de/collections/plotter-und-schneidedateien/products/rosen,https://www.sunnyartis.de/downloads,301,,,,
www.sunnyartis.de/collections/plotter-und-schneidedateien/products/rosen,https://www.sunnyartis.de/downloads,301,,,,
sunnyartis.de/collections/plotterdateien,https://www.sunnyartis.de/downloads,301,,,,
www.sunnyartis.de/collections/plotterdateien,https://www.sunnyartis.de/downloads,301,,,,
sunnyartis.de/collections/plotterdateien-und-downloads,https://www.sunnyartis.de/downloads,301,,,,
www.sunnyartis.de/collections/plotterdateien-und-downloads,https://www.sunnyartis.de/downloads,301,,,,
sunnyartis.de/collections/plotterdateien-und-downloads/products/bezaubernde-herzsilhouette,https://www.sunnyartis.de/downloads,301,,,,
www.sunnyartis.de/collections/plotterdateien-und-downloads/products/bezaubernde-herzsilhouette,https://www.sunnyartis.de/downloads,301,,,,
sunnyartis.de/collections/plotterdateien-und-downloads/products/bluetenherz,https://www.sunnyartis.de/downloads,301,,,,
www.sunnyartis.de/collections/plotterdateien-und-downloads/products/bluetenherz,https://www.sunnyartis.de/downloads,301,,,,
sunnyartis.de/collections/plotterdateien-und-downloads/products/gamer-mit-stil,https://www.sunnyartis.de/downloads,301,,,,
www.sunnyartis.de/collections/plotterdateien-und-downloads/products/gamer-mit-stil,https://www.sunnyartis.de/downloads,301,,,,
sunnyartis.de/collections/plotterdateien-und-downloads/products/gemusterter-schmetterling,https://www.sunnyartis.de/downloads,301,,,,
www.sunnyartis.de/collections/plotterdateien-und-downloads/products/gemusterter-schmetterling,https://www.sunnyartis.de/downloads,301,,,,
sunnyartis.de/collections/plotterdateien-und-downloads/products/rosen,https://www.sunnyartis.de/downloads,301,,,,
www.sunnyartis.de/collections/plotterdateien-und-downloads/products/rosen,https://www.sunnyartis.de/downloads,301,,,,
sunnyartis.de/collections/plotterdateien-und-downloads/products/verspieltes-eichhoernchen,https://www.sunnyartis.de/downloads,301,,,,
www.sunnyartis.de/collections/plotterdateien-und-downloads/products/verspieltes-eichhoernchen,https://www.sunnyartis.de/downloads,301,,,,
sunnyartis.de/collections/plotterdateien/products/aehm-nein-faultier,https://www.sunnyartis.de/,301,,,,
www.sunnyartis.de/collections/plotterdateien/products/aehm-nein-faultier,https://www.sunnyartis.de/,301,,,,
sunnyartis.de/collections/plotterdateien/products/bezaubernde-herzsilhouette,https://www.sunnyartis.de/downloads,301,,,,
www.sunnyartis.de/collections/plotterdateien/products/bezaubernde-herzsilhouette,https://www.sunnyartis.de/downloads,301,,,,
sunnyartis.de/collections/plotterdateien/products/bluetenherz,https://www.sunnyartis.de/downloads,301,,,,
www.sunnyartis.de/collections/plotterdateien/products/bluetenherz,https://www.sunnyartis.de/downloads,301,,,,
sunnyartis.de/collections/plotterdateien/products/coole-sneakers,https://www.sunnyartis.de/,301,,,,
www.sunnyartis.de/collections/plotterdateien/products/coole-sneakers,https://www.sunnyartis.de/,301,,,,
sunnyartis.de/collections/plotterdateien/products/eleganter-pfau,https://www.sunnyartis.de/downloads,301,,,,
www.sunnyartis.de/collections/plotterdateien/products/eleganter-pfau,https://www.sunnyartis.de/downloads,301,,,,
sunnyartis.de/collections/plotterdateien/products/eleganter-weihnachtsbaum,https://www.sunnyartis.de/,301,,,,
www.sunnyartis.de/collections/plotterdateien/products/eleganter-weihnachtsbaum,https://www.sunnyartis.de/,301,,,,
sunnyartis.de/collections/plotterdateien/products/elegantes-reh,https://www.sunnyartis.de/downloads,301,,,,
www.sunnyartis.de/collections/plotterdateien/products/elegantes-reh,https://www.sunnyartis.de/downloads,301,,,,
sunnyartis.de/collections/plotterdateien/products/fliegende-eule,https://www.sunnyartis.de/downloads,301,,,,
www.sunnyartis.de/collections/plotterdateien/products/fliegende-eule,https://www.sunnyartis.de/downloads,301,,,,
sunnyartis.de/collections/plotterdateien/products/gemusterte-blume,https://www.sunnyartis.de/,301,,,,
www.sunnyartis.de/collections/plotterdateien/products/gemusterte-blume,https://www.sunnyartis.de/,301,,,,
sunnyartis.de/collections/plotterdateien/products/gemusterter-schmetterling,https://www.sunnyartis.de/downloads,301,,,,
www.sunnyartis.de/collections/plotterdateien/products/gemusterter-schmetterling,https://www.sunnyartis.de/downloads,301,,,,
sunnyartis.de/collections/plotterdateien/products/gemustertes-katzengesicht,https://www.sunnyartis.de/,301,,,,
www.sunnyartis.de/collections/plotterdateien/products/gemustertes-katzengesicht,https://www.sunnyartis.de/,301,,,,
sunnyartis.de/collections/plotterdateien/products/geometrisches-gesicht-halloween,https://www.sunnyartis.de/,301,,,,
www.sunnyartis.de/collections/plotterdateien/products/geometrisches-gesicht-halloween,https://www.sunnyartis.de/,301,,,,
sunnyartis.de/collections/plotterdateien/products/grosses-weihnachtsset-allerlei,https://www.sunnyartis.de/,301,,,,
www.sunnyartis.de/collections/plotterdateien/products/grosses-weihnachtsset-allerlei,https://www.sunnyartis.de/,301,,,,
sunnyartis.de/collections/plotterdateien/products/grosses-weihnachtsset-baum-und-sterne,https://www.sunnyartis.de/,301,,,,
www.sunnyartis.de/collections/plotterdateien/products/grosses-weihnachtsset-baum-und-sterne,https://www.sunnyartis.de/,301,,,,
sunnyartis.de/collections/plotterdateien/products/grosses-weihnachtsset-sterne-und-schnee,https://www.sunnyartis.de/,301,,,,
www.sunnyartis.de/collections/plotterdateien/products/grosses-weihnachtsset-sterne-und-schnee,https://www.sunnyartis.de/,301,,,,
sunnyartis.de/collections/plotterdateien/products/haschen,https://www.sunnyartis.de/,301,,,,
www.sunnyartis.de/collections/plotterdateien/products/haschen,https://www.sunnyartis.de/,301,,,,
sunnyartis.de/collections/plotterdateien/products/karte-mit-muster-digitales-design,https://www.sunnyartis.de/,301,,,,
www.sunnyartis.de/collections/plotterdateien/products/karte-mit-muster-digitales-design,https://www.sunnyartis.de/,301,,,,
sunnyartis.de/collections/plotterdateien/products/keep-calm-game-on,https://www.sunnyartis.de/,301,,,,
www.sunnyartis.de/collections/plotterdateien/products/keep-calm-game-on,https://www.sunnyartis.de/,301,,,,
sunnyartis.de/collections/plotterdateien/products/liebe-mama-set,https://www.sunnyartis.de/,301,,,,
www.sunnyartis.de/collections/plotterdateien/products/liebe-mama-set,https://www.sunnyartis.de/,301,,,,
sunnyartis.de/collections/plotterdateien/products/lieber-papa-set,https://www.sunnyartis.de/,301,,,,
www.sunnyartis.de/collections/plotterdateien/products/lieber-papa-set,https://www.sunnyartis.de/,301,,,,
sunnyartis.de/collections/plotterdateien/products/niedlicher-osterhase-stupsnase,https://www.sunnyartis.de/,301,,,,
www.sunnyartis.de/collections/plotterdateien/products/niedlicher-osterhase-stupsnase,https://www.sunnyartis.de/,301,,,,
sunnyartis.de/collections/plotterdateien/products/ostern-bastelset-digitales-design,https://www.sunnyartis.de/,301,,,,
www.sunnyartis.de/collections/plotterdateien/products/ostern-bastelset-digitales-design,https://www.sunnyartis.de/,301,,,,
sunnyartis.de/collections/plotterdateien/products/plottersatei-bluetenherz,https://www.sunnyartis.de/,301,,,,
www.sunnyartis.de/collections/plotterdateien/products/plottersatei-bluetenherz,https://www.sunnyartis.de/,301,,,,
sunnyartis.de/collections/plotterdateien/products/prinzicke,https://www.sunnyartis.de/,301,,,,
www.sunnyartis.de/collections/plotterdateien/products/prinzicke,https://www.sunnyartis.de/,301,,,,
sunnyartis.de/collections/plotterdateien/products/rosen,https://www.sunnyartis.de/downloads,301,,,,
www.sunnyartis.de/collections/plotterdateien/products/rosen,https://www.sunnyartis.de/downloads,301,,,,
sunnyartis.de/collections/plotterdateien/products/rosen-einhorn,https://www.sunnyartis.de/downloads,301,,,,
www.sunnyartis.de/collections/plotterdateien/products/rosen-einhorn,https://www.sunnyartis.de/downloads,301,,,,
sunnyartis.de/collections/plotterdateien/products/spieglein-spieglein,https://www.sunnyartis.de/,301,,,,
www.sunnyartis.de/collections/plotterdateien/products/spieglein-spieglein,https://www.sunnyartis.de/,301,,,,
sunnyartis.de/collections/plotterdateien/products/verschmuste-katzen-auf-dem-mond,https://www.sunnyartis.de/,301,,,,
www.sunnyartis.de/collections/plotterdateien/products/verschmuste-katzen-auf-dem-mond,https://www.sunnyartis.de/,301,,,,
sunnyartis.de/collections/plotterdateien/products/weihnachts-geschenkanhaenger,https://www.sunnyartis.de/downloads,301,,,,
www.sunnyartis.de/collections/plotterdateien/products/weihnachts-geschenkanhaenger,https://www.sunnyartis.de/downloads,301,,,,
sunnyartis.de/collections/plotterdateien/products/weihnachtsmann-mit-baum,https://www.sunnyartis.de/downloads,301,,,,
www.sunnyartis.de/collections/plotterdateien/products/weihnachtsmann-mit-baum,https://www.sunnyartis.de/downloads,301,,,,
sunnyartis.de/collections/plotterdateien/products/windlicht-hirsch-und-fuchs-digitales-design,https://www.sunnyartis.de/downloads,301,,,,
www.sunnyartis.de/collections/plotterdateien/products/windlicht-hirsch-und-fuchs-digitales-design,https://www.sunnyartis.de/downloads,301,,,,
sunnyartis.de/collections/png,https://www.sunnyartis.de/downloads,301,,,,
www.sunnyartis.de/collections/png,https://www.sunnyartis.de/downloads,301,,,,
sunnyartis.de/collections/poster,https://www.sunnyartis.de/gemaelde,301,,,,
www.sunnyartis.de/collections/poster,https://www.sunnyartis.de/gemaelde,301,,,,
sunnyartis.de/collections/poster-a3,https://www.sunnyartis.de/gemaelde,301,,,,
www.sunnyartis.de/collections/poster-a3,https://www.sunnyartis.de/gemaelde,301,,,,
sunnyartis.de/collections/poster-format-50x50,https://www.sunnyartis.de/gemaelde,301,,,,
www.sunnyartis.de/collections/poster-format-50x50,https://www.sunnyartis.de/gemaelde,301,,,,
sunnyartis.de/collections/poster-mehrere-formate,https://www.sunnyartis.de/gemaelde,301,,,,
www.sunnyartis.de/collections/poster-mehrere-formate,https://www.sunnyartis.de/gemaelde,301,,,,
sunnyartis.de/collections/poster-von-kunstlern,https://www.sunnyartis.de/gemaelde,301,,,,
www.sunnyartis.de/collections/poster-von-kunstlern,https://www.sunnyartis.de/gemaelde,301,,,,
sunnyartis.de/collections/postervonkunstlern,https://www.sunnyartis.de/gemaelde,301,,,,
www.sunnyartis.de/collections/postervonkunstlern,https://www.sunnyartis.de/gemaelde,301,,,,
sunnyartis.de/collections/schmuck,https://www.sunnyartis.de/schmuck,301,,,,
www.sunnyartis.de/collections/schmuck,https://www.sunnyartis.de/schmuck,301,,,,
sunnyartis.de/collections/schmuck/products/as002,https://www.sunnyartis.de/schmuck,301,,,,
www.sunnyartis.de/collections/schmuck/products/as002,https://www.sunnyartis.de/schmuck,301,,,,
sunnyartis.de/collections/schmuck/products/as003,https://www.sunnyartis.de/schmuck,301,,,,
www.sunnyartis.de/collections/schmuck/products/as003,https://www.sunnyartis.de/schmuck,301,,,,
sunnyartis.de/collections/schmuck/products/as005,https://www.sunnyartis.de/,301,,,,
www.sunnyartis.de/collections/schmuck/products/as005,https://www.sunnyartis.de/,301,,,,
sunnyartis.de/collections/schmuck/products/fehlt-die-nummer-2,https://www.sunnyartis.de/,301,,,,
www.sunnyartis.de/collections/schmuck/products/fehlt-die-nummer-2,https://www.sunnyartis.de/,301,,,,
sunnyartis.de/collections/schmuck/products/kopie-von-diamantenglanz-raute-ohrhanger,https://www.sunnyartis.de/,301,,,,
www.sunnyartis.de/collections/schmuck/products/kopie-von-diamantenglanz-raute-ohrhanger,https://www.sunnyartis.de/,301,,,,
sunnyartis.de/collections/schmuck/products/kopie-von-diamantenglanz-raute-ohrhanger-1,https://www.sunnyartis.de/,301,,,,
www.sunnyartis.de/collections/schmuck/products/kopie-von-diamantenglanz-raute-ohrhanger-1,https://www.sunnyartis.de/,301,,,,
sunnyartis.de/collections/schmuck/products/kopie-von-diamantenglanz-raute-ohrhanger-2,https://www.sunnyartis.de/,301,,,,
www.sunnyartis.de/collections/schmuck/products/kopie-von-diamantenglanz-raute-ohrhanger-2,https://www.sunnyartis.de/,301,,,,
sunnyartis.de/collections/schmuck/products/kopie-von-elegance-noir-ohrhanger,https://www.sunnyartis.de/,301,,,,
www.sunnyartis.de/collections/schmuck/products/kopie-von-elegance-noir-ohrhanger,https://www.sunnyartis.de/,301,,,,
sunnyartis.de/collections/schmuck/products/kopie-von-golden-rosa-schlusselohrringen,https://www.sunnyartis.de/,301,,,,
www.sunnyartis.de/collections/schmuck/products/kopie-von-golden-rosa-schlusselohrringen,https://www.sunnyartis.de/,301,,,,
sunnyartis.de/collections/schmuck/products/kopie-von-ks018,https://www.sunnyartis.de/,301,,,,
www.sunnyartis.de/collections/schmuck/products/kopie-von-ks018,https://www.sunnyartis.de/,301,,,,
sunnyartis.de/collections/schmuck/products/kopie-von-ks033,https://www.sunnyartis.de/,301,,,,
www.sunnyartis.de/collections/schmuck/products/kopie-von-ks033,https://www.sunnyartis.de/,301,,,,
sunnyartis.de/collections/schmuck/products/kopie-von-sternenlicht-quadratohrringe-mit-halbmond-anhanger,https://www.sunnyartis.de/,301,,,,
www.sunnyartis.de/collections/schmuck/products/kopie-von-sternenlicht-quadratohrringe-mit-halbmond-anhanger,https://www.sunnyartis.de/,301,,,,
sunnyartis.de/collections/schmuck/products/kopie-von-sternenlicht-quadratohrringe-mit-halbmond-anhanger-1,https://www.sunnyartis.de/,301,,,,
www.sunnyartis.de/collections/schmuck/products/kopie-von-sternenlicht-quadratohrringe-mit-halbmond-anhanger-1,https://www.sunnyartis.de/,301,,,,
sunnyartis.de/collections/schmuck/products/ks011,https://www.sunnyartis.de/schmuck,301,,,,
www.sunnyartis.de/collections/schmuck/products/ks011,https://www.sunnyartis.de/schmuck,301,,,,
sunnyartis.de/collections/schmuck/products/ks029,https://www.sunnyartis.de/,301,,,,
www.sunnyartis.de/collections/schmuck/products/ks029,https://www.sunnyartis.de/,301,,,,
sunnyartis.de/collections/schmuck/products/ks031,https://www.sunnyartis.de/,301,,,,
www.sunnyartis.de/collections/schmuck/products/ks031,https://www.sunnyartis.de/,301,,,,
sunnyartis.de/collections/schmuck/products/ks035,https://www.sunnyartis.de/schmuck,301,,,,
www.sunnyartis.de/collections/schmuck/products/ks035,https://www.sunnyartis.de/schmuck,301,,,,
sunnyartis.de/collections/schmuck/products/ks038,https://www.sunnyartis.de/,301,,,,
www.sunnyartis.de/collections/schmuck/products/ks038,https://www.sunnyartis.de/,301,,,,
sunnyartis.de/collections/schmuck/products/os003,https://www.sunnyartis.de/schmuck,301,,,,
www.sunnyartis.de/collections/schmuck/products/os003,https://www.sunnyartis.de/schmuck,301,,,,
sunnyartis.de/collections/schmuck/products/os030,https://www.sunnyartis.de/schmuck,301,,,,
www.sunnyartis.de/collections/schmuck/products/os030,https://www.sunnyartis.de/schmuck,301,,,,
sunnyartis.de/collections/schmuck/products/os045,https://www.sunnyartis.de/,301,,,,
www.sunnyartis.de/collections/schmuck/products/os045,https://www.sunnyartis.de/,301,,,,
sunnyartis.de/collections/schmuck/products/os077,https://www.sunnyartis.de/,301,,,,
www.sunnyartis.de/collections/schmuck/products/os077,https://www.sunnyartis.de/,301,,,,
sunnyartis.de/collections/schmuck/products/set001-1,https://www.sunnyartis.de/,301,,,,
www.sunnyartis.de/collections/schmuck/products/set001-1,https://www.sunnyartis.de/,301,,,,
sunnyartis.de/collections/schmuck/products/set004,https://www.sunnyartis.de/,301,,,,
www.sunnyartis.de/collections/schmuck/products/set004,https://www.sunnyartis.de/,301,,,,
sunnyartis.de/collections/schmuckset,https://www.sunnyartis.de/schmuck,301,,,,
www.sunnyartis.de/collections/schmuckset,https://www.sunnyartis.de/schmuck,301,,,,
sunnyartis.de/collections/schmuckset/products/kopie-von-ks033,https://www.sunnyartis.de/,301,,,,
www.sunnyartis.de/collections/schmuckset/products/kopie-von-ks033,https://www.sunnyartis.de/,301,,,,
sunnyartis.de/collections/schmuckset/products/ks029,https://www.sunnyartis.de/,301,,,,
www.sunnyartis.de/collections/schmuckset/products/ks029,https://www.sunnyartis.de/,301,,,,
sunnyartis.de/collections/schmuckset/products/ks035,https://www.sunnyartis.de/,301,,,,
www.sunnyartis.de/collections/schmuckset/products/ks035,https://www.sunnyartis.de/,301,,,,
sunnyartis.de/collections/schmuckset/products/ks037-1,https://www.sunnyartis.de/schmuck,301,,,,
www.sunnyartis.de/collections/schmuckset/products/ks037-1,https://www.sunnyartis.de/schmuck,301,,,,
sunnyartis.de/collections/schmuckset/products/set001-1,https://www.sunnyartis.de/,301,,,,
www.sunnyartis.de/collections/schmuckset/products/set001-1,https://www.sunnyartis.de/,301,,,,
sunnyartis.de/collections/schmuckset/products/set002,https://www.sunnyartis.de/,301,,,,
www.sunnyartis.de/collections/schmuckset/products/set002,https://www.sunnyartis.de/,301,,,,
sunnyartis.de/collections/steampunk,https://www.sunnyartis.de/schmuck,301,,,,
www.sunnyartis.de/collections/steampunk,https://www.sunnyartis.de/schmuck,301,,,,
sunnyartis.de/collections/steampunk-schmuck,https://www.sunnyartis.de/schmuck,301,,,,
www.sunnyartis.de/collections/steampunk-schmuck,https://www.sunnyartis.de/schmuck,301,,,,
sunnyartis.de/collections/steampunk-schmuck/products/ks030,https://www.sunnyartis.de/,301,,,,
www.sunnyartis.de/collections/steampunk-schmuck/products/ks030,https://www.sunnyartis.de/,301,,,,
sunnyartis.de/collections/steampunk-schmuck/products/ks031,https://www.sunnyartis.de/,301,,,,
www.sunnyartis.de/collections/steampunk-schmuck/products/ks031,https://www.sunnyartis.de/,301,,,,
sunnyartis.de/collections/steampunk-schmuck/products/ks032,https://www.sunnyartis.de/,301,,,,
www.sunnyartis.de/collections/steampunk-schmuck/products/ks032,https://www.sunnyartis.de/,301,,,,
sunnyartis.de/collections/steampunk-schmuck/products/ks037,https://www.sunnyartis.de/schmuck,301,,,,
www.sunnyartis.de/collections/steampunk-schmuck/products/ks037,https://www.sunnyartis.de/schmuck,301,,,,
sunnyartis.de/collections/weihnachten,https://www.sunnyartis.de/downloads,301,,,,
www.sunnyartis.de/collections/weihnachten,https://www.sunnyartis.de/downloads,301,,,,
sunnyartis.de/collections/weihnachten/products/3d-christbaumschmuck-hirsch-digitales-design,https://www.sunnyartis.de/,301,,,,
www.sunnyartis.de/collections/weihnachten/products/3d-christbaumschmuck-hirsch-digitales-design,https://www.sunnyartis.de/,301,,,,
sunnyartis.de/comments,https://www.sunnyartis.de/,301,,,,
www.sunnyartis.de/comments,https://www.sunnyartis.de/,301,,,,
sunnyartis.de/contact,https://www.sunnyartis.de/,301,,,,
www.sunnyartis.de/contact,https://www.sunnyartis.de/,301,,,,
sunnyartis.de/data-privacy,https://www.sunnyartis.de/,301,,,,
www.sunnyartis.de/data-privacy,https://www.sunnyartis.de/,301,,,,
sunnyartis.de/data-privacy-policy,https://www.sunnyartis.de/,301,,,,
www.sunnyartis.de/data-privacy-policy,https://www.sunnyartis.de/,301,,,,
sunnyartis.de/datenschutz.html,https://www.sunnyartis.de/,301,,,,
www.sunnyartis.de/datenschutz.html,https://www.sunnyartis.de/,301,,,,
sunnyartis.de/datenschutzerklaerung,https://www.sunnyartis.de/,301,,,,
www.sunnyartis.de/datenschutzerklaerung,https://www.sunnyartis.de/,301,,,,
sunnyartis.de/draw-and-more,https://www.sunnyartis.de/,301,,,,
www.sunnyartis.de/draw-and-more,https://www.sunnyartis.de/,301,,,,
sunnyartis.de/draw-and-more/about-us,https://www.sunnyartis.de/,301,,,,
www.sunnyartis.de/draw-and-more/about-us,https://www.sunnyartis.de/,301,,,,
sunnyartis.de/draw-and-more/contact,https://www.sunnyartis.de/,301,,,,
www.sunnyartis.de/draw-and-more/contact,https://www.sunnyartis.de/,301,,,,
sunnyartis.de/draw-and-more/deutsch,https://www.sunnyartis.de/,301,,,,
www.sunnyartis.de/draw-and-more/deutsch,https://www.sunnyartis.de/,301,,,,
sunnyartis.de/draw-and-more/englisch,https://www.sunnyartis.de/,301,,,,
www.sunnyartis.de/draw-and-more/englisch,https://www.sunnyartis.de/,301,,,,
sunnyartis.de/draw-and-more/galerie,https://www.sunnyartis.de/,301,,,,
www.sunnyartis.de/draw-and-more/galerie,https://www.sunnyartis.de/,301,,,,
sunnyartis.de/draw-and-more/gallery,https://www.sunnyartis.de/,301,,,,
www.sunnyartis.de/draw-and-more/gallery,https://www.sunnyartis.de/,301,,,,
sunnyartis.de/draw-and-more/informations-about-our-drawings,https://www.sunnyartis.de/,301,,,,
www.sunnyartis.de/draw-and-more/informations-about-our-drawings,https://www.sunnyartis.de/,301,,,,
sunnyartis.de/draw-and-more/kontakt,https://www.sunnyartis.de/,301,,,,
www.sunnyartis.de/draw-and-more/kontakt,https://www.sunnyartis.de/,301,,,,
sunnyartis.de/draw-and-more/preise,https://www.sunnyartis.de/,301,,,,
www.sunnyartis.de/draw-and-more/preise,https://www.sunnyartis.de/,301,,,,
sunnyartis.de/draw-and-more/pricelist,https://www.sunnyartis.de/,301,,,,
www.sunnyartis.de/draw-and-more/pricelist,https://www.sunnyartis.de/,301,,,,
sunnyartis.de/draw-and-more/voucher,https://www.sunnyartis.de/,301,,,,
www.sunnyartis.de/draw-and-more/voucher,https://www.sunnyartis.de/,301,,,,
sunnyartis.de/draw-and-more/youtube-channel,https://www.sunnyartis.de/,301,,,,
www.sunnyartis.de/draw-and-more/youtube-channel,https://www.sunnyartis.de/,301,,,,
sunnyartis.de/draw-and-more/youtube-kanal,https://www.sunnyartis.de/,301,,,,
www.sunnyartis.de/draw-and-more/youtube-kanal,https://www.sunnyartis.de/,301,,,,
sunnyartis.de/draw-and-more/über-uns,https://www.sunnyartis.de/downloads,301,,,,
www.sunnyartis.de/draw-and-more/über-uns,https://www.sunnyartis.de/downloads,301,,,,
sunnyartis.de/draw-and-more/über-uns/designs-auf-produkten,https://www.sunnyartis.de/,301,,,,
www.sunnyartis.de/draw-and-more/über-uns/designs-auf-produkten,https://www.sunnyartis.de/,301,,,,
sunnyartis.de/draw-and-more/über-uns/plotterdatei-download,https://www.sunnyartis.de/downloads,301,,,,
www.sunnyartis.de/draw-and-more/über-uns/plotterdatei-download,https://www.sunnyartis.de/downloads,301,,,,
sunnyartis.de/draw-and-more/über-uns/shop,https://www.sunnyartis.de/downloads,301,,,,
www.sunnyartis.de/draw-and-more/über-uns/shop,https://www.sunnyartis.de/downloads,301,,,,
sunnyartis.de/faq,https://www.sunnyartis.de/,301,,,,
www.sunnyartis.de/faq,https://www.sunnyartis.de/,301,,,,
sunnyartis.de/galerie/accessoires-und-schmuck,https://www.sunnyartis.de/schmuck,301,,,,
www.sunnyartis.de/galerie/accessoires-und-schmuck,https://www.sunnyartis.de/schmuck,301,,,,
sunnyartis.de/galerie/plotterdesigns,https://www.sunnyartis.de/downloads,301,,,,
www.sunnyartis.de/galerie/plotterdesigns,https://www.sunnyartis.de/downloads,301,,,,
sunnyartis.de/h,https://www.sunnyartis.de/,301,,,,
www.sunnyartis.de/h,https://www.sunnyartis.de/,301,,,,
sunnyartis.de/j/privacy,https://www.sunnyartis.de/,301,,,,
www.sunnyartis.de/j/privacy,https://www.sunnyartis.de/,301,,,,
sunnyartis.de/j/shop/deliveryinfo,https://www.sunnyartis.de/,301,,,,
www.sunnyartis.de/j/shop/deliveryinfo,https://www.sunnyartis.de/,301,,,,
sunnyartis.de/pages/contact,https://www.sunnyartis.de/kontakt,301,,,,
www.sunnyartis.de/pages/contact,https://www.sunnyartis.de/kontakt,301,,,,
sunnyartis.de/pages/datenschutz,https://www.sunnyartis.de/datenschutz,301,,,,
www.sunnyartis.de/pages/datenschutz,https://www.sunnyartis.de/datenschutz,301,,,,
sunnyartis.de/pages/datenschutzseite,https://www.sunnyartis.de/datenschutz,301,,,,
www.sunnyartis.de/pages/datenschutzseite,https://www.sunnyartis.de/datenschutz,301,,,,
sunnyartis.de/pages/epoxidharz,https://www.sunnyartis.de/schmuck,301,,,,
www.sunnyartis.de/pages/epoxidharz,https://www.sunnyartis.de/schmuck,301,,,,
sunnyartis.de/pages/handgezeichnete-portraits,https://www.sunnyartis.de/portraets,301,,,,
www.sunnyartis.de/pages/handgezeichnete-portraits,https://www.sunnyartis.de/portraets,301,,,,
sunnyartis.de/pages/handgezeichnete-portrats,https://www.sunnyartis.de/,301,,,,
www.sunnyartis.de/pages/handgezeichnete-portrats,https://www.sunnyartis.de/,301,,,,
sunnyartis.de/pages/html-sitemap,https://www.sunnyartis.de/,301,,,,
www.sunnyartis.de/pages/html-sitemap,https://www.sunnyartis.de/,301,,,,
sunnyartis.de/pages/html-sitemap-articles,https://www.sunnyartis.de/blog,301,,,,
www.sunnyartis.de/pages/html-sitemap-articles,https://www.sunnyartis.de/blog,301,,,,
sunnyartis.de/pages/html-sitemap-blogs,https://www.sunnyartis.de/blog,301,,,,
www.sunnyartis.de/pages/html-sitemap-blogs,https://www.sunnyartis.de/blog,301,,,,
sunnyartis.de/pages/html-sitemap-collections,https://www.sunnyartis.de/,301,,,,
www.sunnyartis.de/pages/html-sitemap-collections,https://www.sunnyartis.de/,301,,,,
sunnyartis.de/pages/html-sitemap-pages,https://www.sunnyartis.de/,301,,,,
www.sunnyartis.de/pages/html-sitemap-pages,https://www.sunnyartis.de/,301,,,,
sunnyartis.de/pages/html-sitemap-products,https://www.sunnyartis.de/,301,,,,
www.sunnyartis.de/pages/html-sitemap-products,https://www.sunnyartis.de/,301,,,,
sunnyartis.de/pages/impressum,https://www.sunnyartis.de/impressum,301,,,,
www.sunnyartis.de/pages/impressum,https://www.sunnyartis.de/impressum,301,,,,
sunnyartis.de/pages/kohle-und-bleistift,https://www.sunnyartis.de/gemaelde,301,,,,
www.sunnyartis.de/pages/kohle-und-bleistift,https://www.sunnyartis.de/gemaelde,301,,,,
sunnyartis.de/pages/lieferbedingungen,https://www.sunnyartis.de/,301,,,,
www.sunnyartis.de/pages/lieferbedingungen,https://www.sunnyartis.de/,301,,,,
sunnyartis.de/pages/online-spiele,https://www.sunnyartis.de/,301,,,,
www.sunnyartis.de/pages/online-spiele,https://www.sunnyartis.de/,301,,,,
sunnyartis.de/pages/portfolio,https://www.sunnyartis.de/galerie,301,,,,
www.sunnyartis.de/pages/portfolio,https://www.sunnyartis.de/galerie,301,,,,
sunnyartis.de/pages/portrats,https://www.sunnyartis.de/,301,,,,
www.sunnyartis.de/pages/portrats,https://www.sunnyartis.de/,301,,,,
sunnyartis.de/pages/widerruf-und-rucksendung,https://www.sunnyartis.de/,301,,,,
www.sunnyartis.de/pages/widerruf-und-rucksendung,https://www.sunnyartis.de/,301,,,,
sunnyartis.de/plotterdatei,https://www.sunnyartis.de/downloads,301,,,,
www.sunnyartis.de/plotterdatei,https://www.sunnyartis.de/downloads,301,,,,
sunnyartis.de/plotterdatei/kostenlos,https://www.sunnyartis.de/downloads,301,,,,
www.sunnyartis.de/plotterdatei/kostenlos,https://www.sunnyartis.de/downloads,301,,,,
sunnyartis.de/plotterdatei/kostenlos/chibi-feuerwehrmann,https://www.sunnyartis.de/downloads,301,,,,
www.sunnyartis.de/plotterdatei/kostenlos/chibi-feuerwehrmann,https://www.sunnyartis.de/downloads,301,,,,
sunnyartis.de/plotterdatei/kostenlos/cocktailglas,https://www.sunnyartis.de/downloads,301,,,,
www.sunnyartis.de/plotterdatei/kostenlos/cocktailglas,https://www.sunnyartis.de/downloads,301,,,,
sunnyartis.de/plotterdatei/kostenlos/geokopf,https://www.sunnyartis.de/downloads,301,,,,
www.sunnyartis.de/plotterdatei/kostenlos/geokopf,https://www.sunnyartis.de/downloads,301,,,,
sunnyartis.de/plotterdatei/kostenlos/herz,https://www.sunnyartis.de/downloads,301,,,,
www.sunnyartis.de/plotterdatei/kostenlos/herz,https://www.sunnyartis.de/downloads,301,,,,
sunnyartis.de/plotterdatei/kostenlos/herz-blumenmuster,https://www.sunnyartis.de/downloads,301,,,,
www.sunnyartis.de/plotterdatei/kostenlos/herz-blumenmuster,https://www.sunnyartis.de/downloads,301,,,,
sunnyartis.de/plotterdatei/kostenlos/immer-verbunden,https://www.sunnyartis.de/downloads,301,,,,
www.sunnyartis.de/plotterdatei/kostenlos/immer-verbunden,https://www.sunnyartis.de/downloads,301,,,,
sunnyartis.de/plotterdatei/kostenlos/karte-mit-muster,https://www.sunnyartis.de/downloads,301,,,,
www.sunnyartis.de/plotterdatei/kostenlos/karte-mit-muster,https://www.sunnyartis.de/downloads,301,,,,
sunnyartis.de/plotterdatei/kostenlos/katzemuster,https://www.sunnyartis.de/downloads,301,,,,
www.sunnyartis.de/plotterdatei/kostenlos/katzemuster,https://www.sunnyartis.de/downloads,301,,,,
sunnyartis.de/plotterdatei/kostenlos/kostenlose-digipapiere,https://www.sunnyartis.de/downloads,301,,,,
www.sunnyartis.de/plotterdatei/kostenlos/kostenlose-digipapiere,https://www.sunnyartis.de/downloads,301,,,,
sunnyartis.de/plotterdatei/kostenlos/kürbissgesichter,https://www.sunnyartis.de/downloads,301,,,,
www.sunnyartis.de/plotterdatei/kostenlos/kürbissgesichter,https://www.sunnyartis.de/downloads,301,,,,
sunnyartis.de/plotterdatei/kostenlos/osterset,https://www.sunnyartis.de/downloads,301,,,,
www.sunnyartis.de/plotterdatei/kostenlos/osterset,https://www.sunnyartis.de/downloads,301,,,,
sunnyartis.de/plotterdatei/kostenlos/stern,https://www.sunnyartis.de/downloads,301,,,,
www.sunnyartis.de/plotterdatei/kostenlos/stern,https://www.sunnyartis.de/downloads,301,,,,
sunnyartis.de/plotterdatei/kostenlos/weihnachstanhänger,https://www.sunnyartis.de/downloads,301,,,,
www.sunnyartis.de/plotterdatei/kostenlos/weihnachstanhänger,https://www.sunnyartis.de/downloads,301,,,,
sunnyartis.de/plotterdatei/kostenlos/weihnachtsset,https://www.sunnyartis.de/downloads,301,,,,
www.sunnyartis.de/plotterdatei/kostenlos/weihnachtsset,https://www.sunnyartis.de/downloads,301,,,,
sunnyartis.de/plotterdatei/shop,https://www.sunnyartis.de/downloads,301,,,,
www.sunnyartis.de/plotterdatei/shop,https://www.sunnyartis.de/downloads,301,,,,
sunnyartis.de/plotterdatei/shop/feiertage,https://www.sunnyartis.de/downloads,301,,,,
www.sunnyartis.de/plotterdatei/shop/feiertage,https://www.sunnyartis.de/downloads,301,,,,
sunnyartis.de/plotterdatei/shop/gaming-tv-lifestyle,https://www.sunnyartis.de/downloads,301,,,,
www.sunnyartis.de/plotterdatei/shop/gaming-tv-lifestyle,https://www.sunnyartis.de/downloads,301,,,,
sunnyartis.de/plotterdatei/shop/jahreszeiten,https://www.sunnyartis.de/downloads,301,,,,
www.sunnyartis.de/plotterdatei/shop/jahreszeiten,https://www.sunnyartis.de/downloads,301,,,,
sunnyartis.de/plotterdatei/shop/tiere-und-kinder,https://www.sunnyartis.de/downloads,301,,,,
www.sunnyartis.de/plotterdatei/shop/tiere-und-kinder,https://www.sunnyartis.de/downloads,301,,,,
sunnyartis.de/plotterdatei/shop/zauberhaft,https://www.sunnyartis.de/downloads,301,,,,
www.sunnyartis.de/plotterdatei/shop/zauberhaft,https://www.sunnyartis.de/downloads,301,,,,
sunnyartis.de/plotterunterseiten/plotterunterseiten-kostenlos/faultier,https://www.sunnyartis.de/,301,,,,
www.sunnyartis.de/plotterunterseiten/plotterunterseiten-kostenlos/faultier,https://www.sunnyartis.de/,301,,,,
sunnyartis.de/plotterunterseiten/plotterunterseiten-kostenlos/herzset,https://www.sunnyartis.de/downloads,301,,,,
www.sunnyartis.de/plotterunterseiten/plotterunterseiten-kostenlos/herzset,https://www.sunnyartis.de/downloads,301,,,,
sunnyartis.de/plotterunterseiten/plotterunterseiten-kostenlos/kürbissgesichter,https://www.sunnyartis.de/downloads,301,,,,
www.sunnyartis.de/plotterunterseiten/plotterunterseiten-kostenlos/kürbissgesichter,https://www.sunnyartis.de/downloads,301,,,,
sunnyartis.de/plotterunterseiten/plotterunterseiten-kostenlos/mandala22,https://www.sunnyartis.de/,301,,,,
www.sunnyartis.de/plotterunterseiten/plotterunterseiten-kostenlos/mandala22,https://www.sunnyartis.de/,301,,,,
sunnyartis.de/plotterunterseiten/plotterunterseiten-kostenlos/mutter-und-vatertag,https://www.sunnyartis.de/downloads,301,,,,
www.sunnyartis.de/plotterunterseiten/plotterunterseiten-kostenlos/mutter-und-vatertag,https://www.sunnyartis.de/downloads,301,,,,
sunnyartis.de/plotterunterseiten/plotterunterseiten-kostenlos/osterhase,https://www.sunnyartis.de/,301,,,,
www.sunnyartis.de/plotterunterseiten/plotterunterseiten-kostenlos/osterhase,https://www.sunnyartis.de/,301,,,,
sunnyartis.de/plotterunterseiten/plotterunterseiten-kostenlos/schmetterlingsfrau,https://www.sunnyartis.de/downloads,301,,,,
www.sunnyartis.de/plotterunterseiten/plotterunterseiten-kostenlos/schmetterlingsfrau,https://www.sunnyartis.de/downloads,301,,,,
sunnyartis.de/poster,https://www.sunnyartis.de/gemaelde,301,,,,
www.sunnyartis.de/poster,https://www.sunnyartis.de/gemaelde,301,,,,
sunnyartis.de/poster/poster-und-prints,https://www.sunnyartis.de/gemaelde,301,,,,
www.sunnyartis.de/poster/poster-und-prints,https://www.sunnyartis.de/gemaelde,301,,,,
sunnyartis.de/privacy,https://www.sunnyartis.de/,301,,,,
www.sunnyartis.de/privacy,https://www.sunnyartis.de/,301,,,,
sunnyartis.de/privacy-notice,https://www.sunnyartis.de/,301,,,,
www.sunnyartis.de/privacy-notice,https://www.sunnyartis.de/,301,,,,
sunnyartis.de/privacy-policy,https://www.sunnyartis.de/,301,,,,
www.sunnyartis.de/privacy-policy,https://www.sunnyartis.de/,301,,,,
sunnyartis.de/privacy-policy.html,https://www.sunnyartis.de/,301,,,,
www.sunnyartis.de/privacy-policy.html,https://www.sunnyartis.de/,301,,,,
sunnyartis.de/products/10er-set-halloween-kuerbisse,https://www.sunnyartis.de/downloads,301,,,,
www.sunnyartis.de/products/10er-set-halloween-kuerbisse,https://www.sunnyartis.de/downloads,301,,,,
sunnyartis.de/products/3d-blume-plotterdatei-svg,https://www.sunnyartis.de/downloads,301,,,,
www.sunnyartis.de/products/3d-blume-plotterdatei-svg,https://www.sunnyartis.de/downloads,301,,,,
sunnyartis.de/products/3d-christbaumschmuck-hirsch-digitales-design,https://www.sunnyartis.de/downloads,301,,,,
www.sunnyartis.de/products/3d-christbaumschmuck-hirsch-digitales-design,https://www.sunnyartis.de/downloads,301,,,,
sunnyartis.de/products/3d-christbaumschmuck-hirsch-svg-plotterdatei,https://www.sunnyartis.de/downloads,301,,,,
www.sunnyartis.de/products/3d-christbaumschmuck-hirsch-svg-plotterdatei,https://www.sunnyartis.de/downloads,301,,,,
sunnyartis.de/products/3d-datei-blume-digitale-datei,https://www.sunnyartis.de/downloads,301,,,,
www.sunnyartis.de/products/3d-datei-blume-digitale-datei,https://www.sunnyartis.de/downloads,301,,,,
sunnyartis.de/products/6er-federset,https://www.sunnyartis.de/downloads,301,,,,
www.sunnyartis.de/products/6er-federset,https://www.sunnyartis.de/downloads,301,,,,
sunnyartis.de/products/6er-set-kreisformige-umrandungen,https://www.sunnyartis.de/downloads,301,,,,
www.sunnyartis.de/products/6er-set-kreisformige-umrandungen,https://www.sunnyartis.de/downloads,301,,,,
sunnyartis.de/products/7er-set-mandalas,https://www.sunnyartis.de/,301,,,,
www.sunnyartis.de/products/7er-set-mandalas,https://www.sunnyartis.de/,301,,,,
sunnyartis.de/products/8er-herzset,https://www.sunnyartis.de/downloads,301,,,,
www.sunnyartis.de/products/8er-herzset,https://www.sunnyartis.de/downloads,301,,,,
sunnyartis.de/products/8er-herzset-plotterdatei-svg,https://www.sunnyartis.de/downloads,301,,,,
www.sunnyartis.de/products/8er-herzset-plotterdatei-svg,https://www.sunnyartis.de/downloads,301,,,,
sunnyartis.de/products/aehm-nein-faultier,https://www.sunnyartis.de/downloads,301,,,,
www.sunnyartis.de/products/aehm-nein-faultier,https://www.sunnyartis.de/downloads,301,,,,
sunnyartis.de/products/anmutiger-hirsch,https://www.sunnyartis.de/downloads,301,,,,
www.sunnyartis.de/products/anmutiger-hirsch,https://www.sunnyartis.de/downloads,301,,,,
sunnyartis.de/products/aquaflora-ohrringe,https://www.sunnyartis.de/schmuck,301,,,,
www.sunnyartis.de/products/aquaflora-ohrringe,https://www.sunnyartis.de/schmuck,301,,,,
sunnyartis.de/products/aquaglitz-ohrringe-epoxidharz,https://www.sunnyartis.de/schmuck,301,,,,
www.sunnyartis.de/products/aquaglitz-ohrringe-epoxidharz,https://www.sunnyartis.de/schmuck,301,,,,
sunnyartis.de/products/armband-perlen,https://www.sunnyartis.de/schmuck,301,,,,
www.sunnyartis.de/products/armband-perlen,https://www.sunnyartis.de/schmuck,301,,,,
sunnyartis.de/products/as001,https://www.sunnyartis.de/schmuck,301,,,,
www.sunnyartis.de/products/as001,https://www.sunnyartis.de/schmuck,301,,,,
sunnyartis.de/products/as002,https://www.sunnyartis.de/schmuck,301,,,,
www.sunnyartis.de/products/as002,https://www.sunnyartis.de/schmuck,301,,,,
sunnyartis.de/products/as003,https://www.sunnyartis.de/schmuck,301,,,,
www.sunnyartis.de/products/as003,https://www.sunnyartis.de/schmuck,301,,,,
sunnyartis.de/products/as004,https://www.sunnyartis.de/schmuck,301,,,,
www.sunnyartis.de/products/as004,https://www.sunnyartis.de/schmuck,301,,,,
sunnyartis.de/products/as005,https://www.sunnyartis.de/schmuck,301,,,,
www.sunnyartis.de/products/as005,https://www.sunnyartis.de/schmuck,301,,,,
sunnyartis.de/products/as006,https://www.sunnyartis.de/schmuck,301,,,,
www.sunnyartis.de/products/as006,https://www.sunnyartis.de/schmuck,301,,,,
sunnyartis.de/products/as008,https://www.sunnyartis.de/schmuck,301,,,,
www.sunnyartis.de/products/as008,https://www.sunnyartis.de/schmuck,301,,,,
sunnyartis.de/products/as010,https://www.sunnyartis.de/schmuck,301,,,,
www.sunnyartis.de/products/as010,https://www.sunnyartis.de/schmuck,301,,,,
sunnyartis.de/products/as011,https://www.sunnyartis.de/schmuck,301,,,,
www.sunnyartis.de/products/as011,https://www.sunnyartis.de/schmuck,301,,,,
sunnyartis.de/products/as013,https://www.sunnyartis.de/schmuck,301,,,,
www.sunnyartis.de/products/as013,https://www.sunnyartis.de/schmuck,301,,,,
sunnyartis.de/products/ausmalbild-osterhase-1,https://www.sunnyartis.de/malen,301,,,,
www.sunnyartis.de/products/ausmalbild-osterhase-1,https://www.sunnyartis.de/malen,301,,,,
sunnyartis.de/products/ausmalbild-osterhase-2,https://www.sunnyartis.de/malen,301,,,,
www.sunnyartis.de/products/ausmalbild-osterhase-2,https://www.sunnyartis.de/malen,301,,,,
sunnyartis.de/products/ballet-sneakers,https://www.sunnyartis.de/downloads,301,,,,
www.sunnyartis.de/products/ballet-sneakers,https://www.sunnyartis.de/downloads,301,,,,
sunnyartis.de/products/bezaubernde-herzsilhouette,https://www.sunnyartis.de/downloads,301,,,,
www.sunnyartis.de/products/bezaubernde-herzsilhouette,https://www.sunnyartis.de/downloads,301,,,,
sunnyartis.de/products/bezauberne-fee-mit-spruechen,https://www.sunnyartis.de/downloads,301,,,,
www.sunnyartis.de/products/bezauberne-fee-mit-spruechen,https://www.sunnyartis.de/downloads,301,,,,
sunnyartis.de/products/blue-sky-boheme-ohrringe,https://www.sunnyartis.de/schmuck,301,,,,
www.sunnyartis.de/products/blue-sky-boheme-ohrringe,https://www.sunnyartis.de/schmuck,301,,,,
sunnyartis.de/products/bluetenherz,https://www.sunnyartis.de/downloads,301,,,,
www.sunnyartis.de/products/bluetenherz,https://www.sunnyartis.de/downloads,301,,,,
sunnyartis.de/products/bluetenzauber-perlen-ohrringe-epoxidharz,https://www.sunnyartis.de/schmuck,301,,,,
www.sunnyartis.de/products/bluetenzauber-perlen-ohrringe-epoxidharz,https://www.sunnyartis.de/schmuck,301,,,,
sunnyartis.de/products/blumen-malbild,https://www.sunnyartis.de/malen,301,,,,
www.sunnyartis.de/products/blumen-malbild,https://www.sunnyartis.de/malen,301,,,,
sunnyartis.de/products/blumen-malbild-1,https://www.sunnyartis.de/malen,301,,,,
www.sunnyartis.de/products/blumen-malbild-1,https://www.sunnyartis.de/malen,301,,,,
sunnyartis.de/products/blumen-malbild-2,https://www.sunnyartis.de/malen,301,,,,
www.sunnyartis.de/products/blumen-malbild-2,https://www.sunnyartis.de/malen,301,,,,
sunnyartis.de/products/blumen-malbild-3,https://www.sunnyartis.de/malen,301,,,,
www.sunnyartis.de/products/blumen-malbild-3,https://www.sunnyartis.de/malen,301,,,,
sunnyartis.de/products/bronzebluetenzauber-ohrringe,https://www.sunnyartis.de/schmuck,301,,,,
www.sunnyartis.de/products/bronzebluetenzauber-ohrringe,https://www.sunnyartis.de/schmuck,301,,,,
sunnyartis.de/products/bunny-kette,https://www.sunnyartis.de/schmuck,301,,,,
www.sunnyartis.de/products/bunny-kette,https://www.sunnyartis.de/schmuck,301,,,,
sunnyartis.de/products/celestial-glitz-ohrringe-epoxidharz,https://www.sunnyartis.de/schmuck,301,,,,
www.sunnyartis.de/products/celestial-glitz-ohrringe-epoxidharz,https://www.sunnyartis.de/schmuck,301,,,,
sunnyartis.de/products/celestial-love-radiance-ohrringe,https://www.sunnyartis.de/schmuck,301,,,,
www.sunnyartis.de/products/celestial-love-radiance-ohrringe,https://www.sunnyartis.de/schmuck,301,,,,
sunnyartis.de/products/charmanter-fuchs,https://www.sunnyartis.de/downloads,301,,,,
www.sunnyartis.de/products/charmanter-fuchs,https://www.sunnyartis.de/downloads,301,,,,
sunnyartis.de/products/coole-sneakers,https://www.sunnyartis.de/downloads,301,,,,
www.sunnyartis.de/products/coole-sneakers,https://www.sunnyartis.de/downloads,301,,,,
sunnyartis.de/products/coole-tiere-fur-jungs-plotterdatei-svg,https://www.sunnyartis.de/downloads,301,,,,
www.sunnyartis.de/products/coole-tiere-fur-jungs-plotterdatei-svg,https://www.sunnyartis.de/downloads,301,,,,
sunnyartis.de/products/crimson-celestial-schmucksetrot-gold-schmuckset-epoxidharz,https://www.sunnyartis.de/schmuck,301,,,,
www.sunnyartis.de/products/crimson-celestial-schmucksetrot-gold-schmuckset-epoxidharz,https://www.sunnyartis.de/schmuck,301,,,,
sunnyartis.de/products/diamantenglanz-raute-ohrhanger,https://www.sunnyartis.de/schmuck,301,,,,
www.sunnyartis.de/products/diamantenglanz-raute-ohrhanger,https://www.sunnyartis.de/schmuck,301,,,,
sunnyartis.de/products/du-bist-nicht-du,https://www.sunnyartis.de/downloads,301,,,,
www.sunnyartis.de/products/du-bist-nicht-du,https://www.sunnyartis.de/downloads,301,,,,
sunnyartis.de/products/du-bist-nicht-du-plotterdatei-svg,https://www.sunnyartis.de/downloads,301,,,,
www.sunnyartis.de/products/du-bist-nicht-du-plotterdatei-svg,https://www.sunnyartis.de/downloads,301,,,,
sunnyartis.de/products/eclipsa-glamour-ohrringe-epoxidharz,https://www.sunnyartis.de/schmuck,301,,,,
www.sunnyartis.de/products/eclipsa-glamour-ohrringe-epoxidharz,https://www.sunnyartis.de/schmuck,301,,,,
sunnyartis.de/products/einhorn-ohrringe,https://www.sunnyartis.de/schmuck,301,,,,
www.sunnyartis.de/products/einhorn-ohrringe,https://www.sunnyartis.de/schmuck,301,,,,
sunnyartis.de/products/eleganter-pfau,https://www.sunnyartis.de/downloads,301,,,,
www.sunnyartis.de/products/eleganter-pfau,https://www.sunnyartis.de/downloads,301,,,,
sunnyartis.de/products/eleganter-weihnachtsbaum,https://www.sunnyartis.de/downloads,301,,,,
www.sunnyartis.de/products/eleganter-weihnachtsbaum,https://www.sunnyartis.de/downloads,301,,,,
sunnyartis.de/products/elegantes-reh,https://www.sunnyartis.de/downloads,301,,,,
www.sunnyartis.de/products/elegantes-reh,https://www.sunnyartis.de/downloads,301,,,,
sunnyartis.de/products/ente-mit-pinsel,https://www.sunnyartis.de/malen,301,,,,
www.sunnyartis.de/products/ente-mit-pinsel,https://www.sunnyartis.de/malen,301,,,,
sunnyartis.de/products/eule-mit-amulett,https://www.sunnyartis.de/downloads,301,,,,
www.sunnyartis.de/products/eule-mit-amulett,https://www.sunnyartis.de/downloads,301,,,,
sunnyartis.de/products/eule-mond-stern-ohrringe,https://www.sunnyartis.de/schmuck,301,,,,
www.sunnyartis.de/products/eule-mond-stern-ohrringe,https://www.sunnyartis.de/schmuck,301,,,,
sunnyartis.de/products/familie-pfau,https://www.sunnyartis.de/downloads,301,,,,
www.sunnyartis.de/products/familie-pfau,https://www.sunnyartis.de/downloads,301,,,,
sunnyartis.de/products/familie-pfau-plotterdatei-svg,https://www.sunnyartis.de/downloads,301,,,,
www.sunnyartis.de/products/familie-pfau-plotterdatei-svg,https://www.sunnyartis.de/downloads,301,,,,
sunnyartis.de/products/fantasie-in-farbe,https://www.sunnyartis.de/malen,301,,,,
www.sunnyartis.de/products/fantasie-in-farbe,https://www.sunnyartis.de/malen,301,,,,
sunnyartis.de/products/fantasie-in-farbe-malbuch,https://www.sunnyartis.de/malen,301,,,,
www.sunnyartis.de/products/fantasie-in-farbe-malbuch,https://www.sunnyartis.de/malen,301,,,,
sunnyartis.de/products/fantasie-in-farbe-malbuch-fuer-teenager,https://www.sunnyartis.de/malen,301,,,,
www.sunnyartis.de/products/fantasie-in-farbe-malbuch-fuer-teenager,https://www.sunnyartis.de/malen,301,,,,
sunnyartis.de/products/fantasie-in-farbe-malbuch-teenager,https://www.sunnyartis.de/malen,301,,,,
www.sunnyartis.de/products/fantasie-in-farbe-malbuch-teenager,https://www.sunnyartis.de/malen,301,,,,
sunnyartis.de/products/federn-nahtloses-muster,https://www.sunnyartis.de/downloads,301,,,,
www.sunnyartis.de/products/federn-nahtloses-muster,https://www.sunnyartis.de/downloads,301,,,,
sunnyartis.de/products/federset-plotterdatei-svg,https://www.sunnyartis.de/downloads,301,,,,
www.sunnyartis.de/products/federset-plotterdatei-svg,https://www.sunnyartis.de/downloads,301,,,,
sunnyartis.de/products/fee-schattenbox-plotterdatei-svg,https://www.sunnyartis.de/downloads,301,,,,
www.sunnyartis.de/products/fee-schattenbox-plotterdatei-svg,https://www.sunnyartis.de/downloads,301,,,,
sunnyartis.de/products/fehlt-die-nummer-2,https://www.sunnyartis.de/schmuck,301,,,,
www.sunnyartis.de/products/fehlt-die-nummer-2,https://www.sunnyartis.de/schmuck,301,,,,
sunnyartis.de/products/feuerwehrmaennchen,https://www.sunnyartis.de/downloads,301,,,,
www.sunnyartis.de/products/feuerwehrmaennchen,https://www.sunnyartis.de/downloads,301,,,,
sunnyartis.de/products/feuerwehrmaennchen-plotterdatei-svg,https://www.sunnyartis.de/downloads,301,,,,
www.sunnyartis.de/products/feuerwehrmaennchen-plotterdatei-svg,https://www.sunnyartis.de/downloads,301,,,,
sunnyartis.de/products/flamingo-summer-edition,https://www.sunnyartis.de/,301,,,,
www.sunnyartis.de/products/flamingo-summer-edition,https://www.sunnyartis.de/,301,,,,
sunnyartis.de/products/fliegende-eule,https://www.sunnyartis.de/downloads,301,,,,
www.sunnyartis.de/products/fliegende-eule,https://www.sunnyartis.de/downloads,301,,,,
sunnyartis.de/products/fuchs-hirsch-und-eichhoernchen-im-set,https://www.sunnyartis.de/downloads,301,,,,
www.sunnyartis.de/products/fuchs-hirsch-und-eichhoernchen-im-set,https://www.sunnyartis.de/downloads,301,,,,
sunnyartis.de/products/galactic-square-ohrringe,https://www.sunnyartis.de/schmuck,301,,,,
www.sunnyartis.de/products/galactic-square-ohrringe,https://www.sunnyartis.de/schmuck,301,,,,
sunnyartis.de/products/gamer-mit-stil,https://www.sunnyartis.de/downloads,301,,,,
www.sunnyartis.de/products/gamer-mit-stil,https://www.sunnyartis.de/downloads,301,,,,
sunnyartis.de/products/gemusterte-blume,https://www.sunnyartis.de/downloads,301,,,,
www.sunnyartis.de/products/gemusterte-blume,https://www.sunnyartis.de/downloads,301,,,,
sunnyartis.de/products/gemusterter-schmetterling,https://www.sunnyartis.de/downloads,301,,,,
www.sunnyartis.de/products/gemusterter-schmetterling,https://www.sunnyartis.de/downloads,301,,,,
sunnyartis.de/products/gemustertes-katzengesicht,https://www.sunnyartis.de/downloads,301,,,,
www.sunnyartis.de/products/gemustertes-katzengesicht,https://www.sunnyartis.de/downloads,301,,,,
sunnyartis.de/products/geometrisches-gesicht-halloween,https://www.sunnyartis.de/downloads,301,,,,
www.sunnyartis.de/products/geometrisches-gesicht-halloween,https://www.sunnyartis.de/downloads,301,,,,
sunnyartis.de/products/gerahmtes-poster-auf-mattem-papier,https://www.sunnyartis.de/gemaelde,301,,,,
www.sunnyartis.de/products/gerahmtes-poster-auf-mattem-papier,https://www.sunnyartis.de/gemaelde,301,,,,
sunnyartis.de/products/gerahmtes-poster-auf-mattem-papier-ballerina,https://www.sunnyartis.de/gemaelde,301,,,,
www.sunnyartis.de/products/gerahmtes-poster-auf-mattem-papier-ballerina,https://www.sunnyartis.de/gemaelde,301,,,,
sunnyartis.de/products/gewerbliche-lizenz-fur-eine-datei,https://www.sunnyartis.de/downloads,301,,,,
www.sunnyartis.de/products/gewerbliche-lizenz-fur-eine-datei,https://www.sunnyartis.de/downloads,301,,,,
sunnyartis.de/products/gewerbliche-lizenz-plotterdatei,https://www.sunnyartis.de/downloads,301,,,,
www.sunnyartis.de/products/gewerbliche-lizenz-plotterdatei,https://www.sunnyartis.de/downloads,301,,,,
sunnyartis.de/products/glanzvolle-eleganz-armband,https://www.sunnyartis.de/schmuck,301,,,,
www.sunnyartis.de/products/glanzvolle-eleganz-armband,https://www.sunnyartis.de/schmuck,301,,,,
sunnyartis.de/products/golden-crimson-glitter-ohrringe-epoxidharz,https://www.sunnyartis.de/schmuck,301,,,,
www.sunnyartis.de/products/golden-crimson-glitter-ohrringe-epoxidharz,https://www.sunnyartis.de/schmuck,301,,,,
sunnyartis.de/products/golden-glamour-quadrat-ohrringe-epoxidharz,https://www.sunnyartis.de/schmuck,301,,,,
www.sunnyartis.de/products/golden-glamour-quadrat-ohrringe-epoxidharz,https://www.sunnyartis.de/schmuck,301,,,,
sunnyartis.de/products/golden-rosa-schluessel-ohrringen,https://www.sunnyartis.de/schmuck,301,,,,
www.sunnyartis.de/products/golden-rosa-schluessel-ohrringen,https://www.sunnyartis.de/schmuck,301,,,,
sunnyartis.de/products/grazioese-spitzenzauber-ohrringe,https://www.sunnyartis.de/schmuck,301,,,,
www.sunnyartis.de/products/grazioese-spitzenzauber-ohrringe,https://www.sunnyartis.de/schmuck,301,,,,
sunnyartis.de/products/grosses-sneakers-set,https://www.sunnyartis.de/downloads,301,,,,
www.sunnyartis.de/products/grosses-sneakers-set,https://www.sunnyartis.de/downloads,301,,,,
sunnyartis.de/products/grosses-weihnachtsset-2-plotterdatei-svg,https://www.sunnyartis.de/downloads,301,,,,
www.sunnyartis.de/products/grosses-weihnachtsset-2-plotterdatei-svg,https://www.sunnyartis.de/downloads,301,,,,
sunnyartis.de/products/grosses-weihnachtsset-4-plotterdatei-svg,https://www.sunnyartis.de/downloads,301,,,,
www.sunnyartis.de/products/grosses-weihnachtsset-4-plotterdatei-svg,https://www.sunnyartis.de/downloads,301,,,,
sunnyartis.de/products/grosses-weihnachtsset-allerlei,https://www.sunnyartis.de/downloads,301,,,,
www.sunnyartis.de/products/grosses-weihnachtsset-allerlei,https://www.sunnyartis.de/downloads,301,,,,
sunnyartis.de/products/grosses-weihnachtsset-baum-und-sterne,https://www.sunnyartis.de/downloads,301,,,,
www.sunnyartis.de/products/grosses-weihnachtsset-baum-und-sterne,https://www.sunnyartis.de/downloads,301,,,,
sunnyartis.de/products/grosses-weihnachtsset-mit-baum-und-schnee,https://www.sunnyartis.de/downloads,301,,,,
www.sunnyartis.de/products/grosses-weihnachtsset-mit-baum-und-schnee,https://www.sunnyartis.de/downloads,301,,,,
sunnyartis.de/products/grosses-weihnachtsset-plotterdatei-svg-s3,https://www.sunnyartis.de/downloads,301,,,,
www.sunnyartis.de/products/grosses-weihnachtsset-plotterdatei-svg-s3,https://www.sunnyartis.de/downloads,301,,,,
sunnyartis.de/products/grosses-weihnachtsset-sterne-und-schnee,https://www.sunnyartis.de/downloads,301,,,,
www.sunnyartis.de/products/grosses-weihnachtsset-sterne-und-schnee,https://www.sunnyartis.de/downloads,301,,,,
sunnyartis.de/products/grosses-weihnachtsset-sterne-und-schnee-plotterdatei,https://www.sunnyartis.de/downloads,301,,,,
www.sunnyartis.de/products/grosses-weihnachtsset-sterne-und-schnee-plotterdatei,https://www.sunnyartis.de/downloads,301,,,,
sunnyartis.de/products/gruseliger-halloween-kuerbis,https://www.sunnyartis.de/downloads,301,,,,
www.sunnyartis.de/products/gruseliger-halloween-kuerbis,https://www.sunnyartis.de/downloads,301,,,,
sunnyartis.de/products/gruseliger-halloween-kuerbis-plotterdatei-svg,https://www.sunnyartis.de/downloads,301,,,,
www.sunnyartis.de/products/gruseliger-halloween-kuerbis-plotterdatei-svg,https://www.sunnyartis.de/downloads,301,,,,
sunnyartis.de/products/gruseliges-gesicht-plotterdatei-svg,https://www.sunnyartis.de/downloads,301,,,,
www.sunnyartis.de/products/gruseliges-gesicht-plotterdatei-svg,https://www.sunnyartis.de/downloads,301,,,,
sunnyartis.de/products/haeschen-clipart-png,https://www.sunnyartis.de/downloads,301,,,,
www.sunnyartis.de/products/haeschen-clipart-png,https://www.sunnyartis.de/downloads,301,,,,
sunnyartis.de/products/halloween-kuerbisse-plotterdatei-kostenlos,https://www.sunnyartis.de/downloads,301,,,,
www.sunnyartis.de/products/halloween-kuerbisse-plotterdatei-kostenlos,https://www.sunnyartis.de/downloads,301,,,,
sunnyartis.de/products/halloween-schattenbox-lampe-svg-plotterdatei,https://www.sunnyartis.de/downloads,301,,,,
www.sunnyartis.de/products/halloween-schattenbox-lampe-svg-plotterdatei,https://www.sunnyartis.de/downloads,301,,,,
sunnyartis.de/products/haschen,https://www.sunnyartis.de/downloads,301,,,,
www.sunnyartis.de/products/haschen,https://www.sunnyartis.de/downloads,301,,,,
sunnyartis.de/products/headset-fuer-gamer,https://www.sunnyartis.de/downloads,301,,,,
www.sunnyartis.de/products/headset-fuer-gamer,https://www.sunnyartis.de/downloads,301,,,,
sunnyartis.de/products/headset-plotterdatei-svg,https://www.sunnyartis.de/downloads,301,,,,
www.sunnyartis.de/products/headset-plotterdatei-svg,https://www.sunnyartis.de/downloads,301,,,,
sunnyartis.de/products/herbstlicher-igel,https://www.sunnyartis.de/downloads,301,,,,
www.sunnyartis.de/products/herbstlicher-igel,https://www.sunnyartis.de/downloads,301,,,,
sunnyartis.de/products/herbstlicher-igel-mit-blumen-plotterdatei-svg,https://www.sunnyartis.de/downloads,301,,,,
www.sunnyartis.de/products/herbstlicher-igel-mit-blumen-plotterdatei-svg,https://www.sunnyartis.de/downloads,301,,,,
sunnyartis.de/products/herbstset-plotterdatei-svg,https://www.sunnyartis.de/downloads,301,,,,
www.sunnyartis.de/products/herbstset-plotterdatei-svg,https://www.sunnyartis.de/downloads,301,,,,
sunnyartis.de/products/high-top-leinenschuhe-fur-damen-blumen-muster,https://www.sunnyartis.de/,301,,,,
www.sunnyartis.de/products/high-top-leinenschuhe-fur-damen-blumen-muster,https://www.sunnyartis.de/,301,,,,
sunnyartis.de/products/immer-verbunden-2-plotterdatei-svg,https://www.sunnyartis.de/downloads,301,,,,
www.sunnyartis.de/products/immer-verbunden-2-plotterdatei-svg,https://www.sunnyartis.de/downloads,301,,,,
sunnyartis.de/products/immer-verbunden-druckschrift,https://www.sunnyartis.de/downloads,301,,,,
www.sunnyartis.de/products/immer-verbunden-druckschrift,https://www.sunnyartis.de/downloads,301,,,,
sunnyartis.de/products/immer-verbunden-plotterdatei-svg,https://www.sunnyartis.de/downloads,301,,,,
www.sunnyartis.de/products/immer-verbunden-plotterdatei-svg,https://www.sunnyartis.de/downloads,301,,,,
sunnyartis.de/products/immer-verbundenschreibschrift,https://www.sunnyartis.de/downloads,301,,,,
www.sunnyartis.de/products/immer-verbundenschreibschrift,https://www.sunnyartis.de/downloads,301,,,,
sunnyartis.de/products/karaibische-kuestenzauber-ohrringe-epoxidharz,https://www.sunnyartis.de/schmuck,301,,,,
www.sunnyartis.de/products/karaibische-kuestenzauber-ohrringe-epoxidharz,https://www.sunnyartis.de/schmuck,301,,,,
sunnyartis.de/products/karte-mit-muster-digitales-design,https://www.sunnyartis.de/downloads,301,,,,
www.sunnyartis.de/products/karte-mit-muster-digitales-design,https://www.sunnyartis.de/downloads,301,,,,
sunnyartis.de/products/katze-mit-spurch,https://www.sunnyartis.de/downloads,301,,,,
www.sunnyartis.de/products/katze-mit-spurch,https://www.sunnyartis.de/downloads,301,,,,
sunnyartis.de/products/keep-calm-game-on,https://www.sunnyartis.de/downloads,301,,,,
www.sunnyartis.de/products/keep-calm-game-on,https://www.sunnyartis.de/downloads,301,,,,
sunnyartis.de/products/keep-calm-game-on-plotterdatei-svg,https://www.sunnyartis.de/downloads,301,,,,
www.sunnyartis.de/products/keep-calm-game-on-plotterdatei-svg,https://www.sunnyartis.de/downloads,301,,,,
sunnyartis.de/products/kopie-von-aquaglitz-ohrringe,https://www.sunnyartis.de/schmuck,301,,,,
www.sunnyartis.de/products/kopie-von-aquaglitz-ohrringe,https://www.sunnyartis.de/schmuck,301,,,,
sunnyartis.de/products/kopie-von-as011,https://www.sunnyartis.de/schmuck,301,,,,
www.sunnyartis.de/products/kopie-von-as011,https://www.sunnyartis.de/schmuck,301,,,,
sunnyartis.de/products/kopie-von-ausmalbild-osterhase,https://www.sunnyartis.de/malen,301,,,,
www.sunnyartis.de/products/kopie-von-ausmalbild-osterhase,https://www.sunnyartis.de/malen,301,,,,
sunnyartis.de/products/kopie-von-blue-sky-boheme-ohrhangern,https://www.sunnyartis.de/schmuck,301,,,,
www.sunnyartis.de/products/kopie-von-blue-sky-boheme-ohrhangern,https://www.sunnyartis.de/schmuck,301,,,,
sunnyartis.de/products/kopie-von-diamantenglanz-raute-ohrhanger,https://www.sunnyartis.de/schmuck,301,,,,
www.sunnyartis.de/products/kopie-von-diamantenglanz-raute-ohrhanger,https://www.sunnyartis.de/schmuck,301,,,,
sunnyartis.de/products/kopie-von-diamantenglanz-raute-ohrhanger-1,https://www.sunnyartis.de/schmuck,301,,,,
www.sunnyartis.de/products/kopie-von-diamantenglanz-raute-ohrhanger-1,https://www.sunnyartis.de/schmuck,301,,,,
sunnyartis.de/products/kopie-von-diamantenglanz-raute-ohrhanger-2,https://www.sunnyartis.de/schmuck,301,,,,
www.sunnyartis.de/products/kopie-von-diamantenglanz-raute-ohrhanger-2,https://www.sunnyartis.de/schmuck,301,,,,
sunnyartis.de/products/kopie-von-elegance-noir-ohrhanger,https://www.sunnyartis.de/schmuck,301,,,,
www.sunnyartis.de/products/kopie-von-elegance-noir-ohrhanger,https://www.sunnyartis.de/schmuck,301,,,,
sunnyartis.de/products/kopie-von-golden-rosa-schlusselohrringen,https://www.sunnyartis.de/schmuck,301,,,,
www.sunnyartis.de/products/kopie-von-golden-rosa-schlusselohrringen,https://www.sunnyartis.de/schmuck,301,,,,
sunnyartis.de/products/kopie-von-ks002,https://www.sunnyartis.de/schmuck,301,,,,
www.sunnyartis.de/products/kopie-von-ks002,https://www.sunnyartis.de/schmuck,301,,,,
sunnyartis.de/products/kopie-von-ks018,https://www.sunnyartis.de/,301,,,,
www.sunnyartis.de/products/kopie-von-ks018,https://www.sunnyartis.de/,301,,,,
sunnyartis.de/products/kopie-von-ks018-1,https://www.sunnyartis.de/schmuck,301,,,,
www.sunnyartis.de/products/kopie-von-ks018-1,https://www.sunnyartis.de/schmuck,301,,,,
sunnyartis.de/products/kopie-von-ks033,https://www.sunnyartis.de/schmuck,301,,,,
www.sunnyartis.de/products/kopie-von-ks033,https://www.sunnyartis.de/schmuck,301,,,,
sunnyartis.de/products/kopie-von-leinwand-mit-ausmalmotiv-hase,https://www.sunnyartis.de/malen,301,,,,
www.sunnyartis.de/products/kopie-von-leinwand-mit-ausmalmotiv-hase,https://www.sunnyartis.de/malen,301,,,,
sunnyartis.de/products/kopie-von-os001,https://www.sunnyartis.de/schmuck,301,,,,
www.sunnyartis.de/products/kopie-von-os001,https://www.sunnyartis.de/schmuck,301,,,,
sunnyartis.de/products/kopie-von-os005,https://www.sunnyartis.de/schmuck,301,,,,
www.sunnyartis.de/products/kopie-von-os005,https://www.sunnyartis.de/schmuck,301,,,,
sunnyartis.de/products/kopie-von-os043,https://www.sunnyartis.de/schmuck,301,,,,
www.sunnyartis.de/products/kopie-von-os043,https://www.sunnyartis.de/schmuck,301,,,,
sunnyartis.de/products/kopie-von-os047,https://www.sunnyartis.de/schmuck,301,,,,
www.sunnyartis.de/products/kopie-von-os047,https://www.sunnyartis.de/schmuck,301,,,,
sunnyartis.de/products/kopie-von-os053,https://www.sunnyartis.de/schmuck,301,,,,
www.sunnyartis.de/products/kopie-von-os053,https://www.sunnyartis.de/schmuck,301,,,,
sunnyartis.de/products/kopie-von-os062,https://www.sunnyartis.de/schmuck,301,,,,
www.sunnyartis.de/products/kopie-von-os062,https://www.sunnyartis.de/schmuck,301,,,,
sunnyartis.de/products/kopie-von-rose-bronze-boheme-ohrhanger,https://www.sunnyartis.de/schmuck,301,,,,
www.sunnyartis.de/products/kopie-von-rose-bronze-boheme-ohrhanger,https://www.sunnyartis.de/schmuck,301,,,,
sunnyartis.de/products/kopie-von-sternenlicht-quadratohrringe-mit-halbmond-anhanger,https://www.sunnyartis.de/schmuck,301,,,,
www.sunnyartis.de/products/kopie-von-sternenlicht-quadratohrringe-mit-halbmond-anhanger,https://www.sunnyartis.de/schmuck,301,,,,
sunnyartis.de/products/kopie-von-sternenlicht-quadratohrringe-mit-halbmond-anhanger-1,https://www.sunnyartis.de/schmuck,301,,,,
www.sunnyartis.de/products/kopie-von-sternenlicht-quadratohrringe-mit-halbmond-anhanger-1,https://www.sunnyartis.de/schmuck,301,,,,
sunnyartis.de/products/kopie-von-velvet-bloom-ohrstecker,https://www.sunnyartis.de/schmuck,301,,,,
www.sunnyartis.de/products/kopie-von-velvet-bloom-ohrstecker,https://www.sunnyartis.de/schmuck,301,,,,
sunnyartis.de/products/ks001,https://www.sunnyartis.de/schmuck,301,,,,
www.sunnyartis.de/products/ks001,https://www.sunnyartis.de/schmuck,301,,,,
sunnyartis.de/products/ks003,https://www.sunnyartis.de/schmuck,301,,,,
www.sunnyartis.de/products/ks003,https://www.sunnyartis.de/schmuck,301,,,,
sunnyartis.de/products/ks005,https://www.sunnyartis.de/schmuck,301,,,,
www.sunnyartis.de/products/ks005,https://www.sunnyartis.de/schmuck,301,,,,
sunnyartis.de/products/ks006,https://www.sunnyartis.de/schmuck,301,,,,
www.sunnyartis.de/products/ks006,https://www.sunnyartis.de/schmuck,301,,,,
sunnyartis.de/products/ks007,https://www.sunnyartis.de/schmuck,301,,,,
www.sunnyartis.de/products/ks007,https://www.sunnyartis.de/schmuck,301,,,,
sunnyartis.de/products/ks008,https://www.sunnyartis.de/schmuck,301,,,,
www.sunnyartis.de/products/ks008,https://www.sunnyartis.de/schmuck,301,,,,
sunnyartis.de/products/ks009,https://www.sunnyartis.de/schmuck,301,,,,
www.sunnyartis.de/products/ks009,https://www.sunnyartis.de/schmuck,301,,,,
sunnyartis.de/products/ks010,https://www.sunnyartis.de/schmuck,301,,,,
www.sunnyartis.de/products/ks010,https://www.sunnyartis.de/schmuck,301,,,,
sunnyartis.de/products/ks011,https://www.sunnyartis.de/schmuck,301,,,,
www.sunnyartis.de/products/ks011,https://www.sunnyartis.de/schmuck,301,,,,
sunnyartis.de/products/ks014,https://www.sunnyartis.de/schmuck,301,,,,
www.sunnyartis.de/products/ks014,https://www.sunnyartis.de/schmuck,301,,,,
sunnyartis.de/products/ks015,https://www.sunnyartis.de/schmuck,301,,,,
www.sunnyartis.de/products/ks015,https://www.sunnyartis.de/schmuck,301,,,,
sunnyartis.de/products/ks016,https://www.sunnyartis.de/schmuck,301,,,,
www.sunnyartis.de/products/ks016,https://www.sunnyartis.de/schmuck,301,,,,
sunnyartis.de/products/ks017,https://www.sunnyartis.de/schmuck,301,,,,
www.sunnyartis.de/products/ks017,https://www.sunnyartis.de/schmuck,301,,,,
sunnyartis.de/products/ks019,https://www.sunnyartis.de/schmuck,301,,,,
www.sunnyartis.de/products/ks019,https://www.sunnyartis.de/schmuck,301,,,,
sunnyartis.de/products/ks020,https://www.sunnyartis.de/schmuck,301,,,,
www.sunnyartis.de/products/ks020,https://www.sunnyartis.de/schmuck,301,,,,
sunnyartis.de/products/ks021,https://www.sunnyartis.de/schmuck,301,,,,
www.sunnyartis.de/products/ks021,https://www.sunnyartis.de/schmuck,301,,,,
sunnyartis.de/products/ks022,https://www.sunnyartis.de/schmuck,301,,,,
www.sunnyartis.de/products/ks022,https://www.sunnyartis.de/schmuck,301,,,,
sunnyartis.de/products/ks023,https://www.sunnyartis.de/schmuck,301,,,,
www.sunnyartis.de/products/ks023,https://www.sunnyartis.de/schmuck,301,,,,
sunnyartis.de/products/ks024,https://www.sunnyartis.de/schmuck,301,,,,
www.sunnyartis.de/products/ks024,https://www.sunnyartis.de/schmuck,301,,,,
sunnyartis.de/products/ks025,https://www.sunnyartis.de/schmuck,301,,,,
www.sunnyartis.de/products/ks025,https://www.sunnyartis.de/schmuck,301,,,,
sunnyartis.de/products/ks026,https://www.sunnyartis.de/schmuck,301,,,,
www.sunnyartis.de/products/ks026,https://www.sunnyartis.de/schmuck,301,,,,
sunnyartis.de/products/ks027,https://www.sunnyartis.de/schmuck,301,,,,
www.sunnyartis.de/products/ks027,https://www.sunnyartis.de/schmuck,301,,,,
sunnyartis.de/products/ks029,https://www.sunnyartis.de/schmuck,301,,,,
www.sunnyartis.de/products/ks029,https://www.sunnyartis.de/schmuck,301,,,,
sunnyartis.de/products/ks030,https://www.sunnyartis.de/,301,,,,
www.sunnyartis.de/products/ks030,https://www.sunnyartis.de/,301,,,,
sunnyartis.de/products/ks031,https://www.sunnyartis.de/schmuck,301,,,,
www.sunnyartis.de/products/ks031,https://www.sunnyartis.de/schmuck,301,,,,
sunnyartis.de/products/ks032,https://www.sunnyartis.de/,301,,,,
www.sunnyartis.de/products/ks032,https://www.sunnyartis.de/,301,,,,
sunnyartis.de/products/ks034,https://www.sunnyartis.de/schmuck,301,,,,
www.sunnyartis.de/products/ks034,https://www.sunnyartis.de/schmuck,301,,,,
sunnyartis.de/products/ks035,https://www.sunnyartis.de/schmuck,301,,,,
www.sunnyartis.de/products/ks035,https://www.sunnyartis.de/schmuck,301,,,,
sunnyartis.de/products/ks036,https://www.sunnyartis.de/schmuck,301,,,,
www.sunnyartis.de/products/ks036,https://www.sunnyartis.de/schmuck,301,,,,
sunnyartis.de/products/ks037,https://www.sunnyartis.de/schmuck,301,,,,
www.sunnyartis.de/products/ks037,https://www.sunnyartis.de/schmuck,301,,,,
sunnyartis.de/products/ks037-1,https://www.sunnyartis.de/schmuck,301,,,,
www.sunnyartis.de/products/ks037-1,https://www.sunnyartis.de/schmuck,301,,,,
sunnyartis.de/products/ks038,https://www.sunnyartis.de/schmuck,301,,,,
www.sunnyartis.de/products/ks038,https://www.sunnyartis.de/schmuck,301,,,,
sunnyartis.de/products/ks039,https://www.sunnyartis.de/schmuck,301,,,,
www.sunnyartis.de/products/ks039,https://www.sunnyartis.de/schmuck,301,,,,
sunnyartis.de/products/ks040,https://www.sunnyartis.de/schmuck,301,,,,
www.sunnyartis.de/products/ks040,https://www.sunnyartis.de/schmuck,301,,,,
sunnyartis.de/products/ks041,https://www.sunnyartis.de/schmuck,301,,,,
www.sunnyartis.de/products/ks041,https://www.sunnyartis.de/schmuck,301,,,,
sunnyartis.de/products/laessige-sneakers,https://www.sunnyartis.de/downloads,301,,,,
www.sunnyartis.de/products/laessige-sneakers,https://www.sunnyartis.de/downloads,301,,,,
sunnyartis.de/products/leinwand-ausmalen-frau,https://www.sunnyartis.de/malen,301,,,,
www.sunnyartis.de/products/leinwand-ausmalen-frau,https://www.sunnyartis.de/malen,301,,,,
sunnyartis.de/products/leinwand-mit-ausmalmotiv-auge,https://www.sunnyartis.de/malen,301,,,,
www.sunnyartis.de/products/leinwand-mit-ausmalmotiv-auge,https://www.sunnyartis.de/malen,301,,,,
sunnyartis.de/products/leinwand-mit-ausmalmotiv-blume-mit-frau,https://www.sunnyartis.de/malen,301,,,,
www.sunnyartis.de/products/leinwand-mit-ausmalmotiv-blume-mit-frau,https://www.sunnyartis.de/malen,301,,,,
sunnyartis.de/products/leinwand-mit-ausmalmotiv-blumengesicht,https://www.sunnyartis.de/malen,301,,,,
www.sunnyartis.de/products/leinwand-mit-ausmalmotiv-blumengesicht,https://www.sunnyartis.de/malen,301,,,,
sunnyartis.de/products/leinwand-mit-ausmalmotiv-crazy-dog,https://www.sunnyartis.de/malen,301,,,,
www.sunnyartis.de/products/leinwand-mit-ausmalmotiv-crazy-dog,https://www.sunnyartis.de/malen,301,,,,
sunnyartis.de/products/leinwand-mit-ausmalmotiv-eule,https://www.sunnyartis.de/malen,301,,,,
www.sunnyartis.de/products/leinwand-mit-ausmalmotiv-eule,https://www.sunnyartis.de/malen,301,,,,
sunnyartis.de/products/leinwand-mit-ausmalmotiv-eule-mitamulett,https://www.sunnyartis.de/malen,301,,,,
www.sunnyartis.de/products/leinwand-mit-ausmalmotiv-eule-mitamulett,https://www.sunnyartis.de/malen,301,,,,
sunnyartis.de/products/leinwand-mit-ausmalmotiv-maedchen-bei-nacht,https://www.sunnyartis.de/malen,301,,,,
www.sunnyartis.de/products/leinwand-mit-ausmalmotiv-maedchen-bei-nacht,https://www.sunnyartis.de/malen,301,,,,
sunnyartis.de/products/leinwand-mit-ausmalmotiv-maedchen-mit-teddy,https://www.sunnyartis.de/malen,301,,,,
www.sunnyartis.de/products/leinwand-mit-ausmalmotiv-maedchen-mit-teddy,https://www.sunnyartis.de/malen,301,,,,
sunnyartis.de/products/leinwand-mit-ausmalmotiv-mystische-meerjungfrau,https://www.sunnyartis.de/malen,301,,,,
www.sunnyartis.de/products/leinwand-mit-ausmalmotiv-mystische-meerjungfrau,https://www.sunnyartis.de/malen,301,,,,
sunnyartis.de/products/leinwand-mit-ausmalmotiv-papageien,https://www.sunnyartis.de/malen,301,,,,
www.sunnyartis.de/products/leinwand-mit-ausmalmotiv-papageien,https://www.sunnyartis.de/malen,301,,,,
sunnyartis.de/products/leinwand-mit-ausmalmotiv-rosen-einhorn,https://www.sunnyartis.de/malen,301,,,,
www.sunnyartis.de/products/leinwand-mit-ausmalmotiv-rosen-einhorn,https://www.sunnyartis.de/malen,301,,,,
sunnyartis.de/products/leinwand-mit-ausmalmotiv-selbstbewusste-frau,https://www.sunnyartis.de/malen,301,,,,
www.sunnyartis.de/products/leinwand-mit-ausmalmotiv-selbstbewusste-frau,https://www.sunnyartis.de/malen,301,,,,
sunnyartis.de/products/leinwand-zum-ausmalen-einhorn,https://www.sunnyartis.de/malen,301,,,,
www.sunnyartis.de/products/leinwand-zum-ausmalen-einhorn,https://www.sunnyartis.de/malen,301,,,,
sunnyartis.de/products/leinwand-zum-ausmalen-maedchen-mit-teddy,https://www.sunnyartis.de/malen,301,,,,
www.sunnyartis.de/products/leinwand-zum-ausmalen-maedchen-mit-teddy,https://www.sunnyartis.de/malen,301,,,,
sunnyartis.de/products/leinwand-zum-ausmalen-papageien,https://www.sunnyartis.de/malen,301,,,,
www.sunnyartis.de/products/leinwand-zum-ausmalen-papageien,https://www.sunnyartis.de/malen,301,,,,
sunnyartis.de/products/liebe-mama-set,https://www.sunnyartis.de/downloads,301,,,,
www.sunnyartis.de/products/liebe-mama-set,https://www.sunnyartis.de/downloads,301,,,,
sunnyartis.de/products/lieber-papa-set,https://www.sunnyartis.de/downloads,301,,,,
www.sunnyartis.de/products/lieber-papa-set,https://www.sunnyartis.de/downloads,301,,,,
sunnyartis.de/products/lila-blaetenpracht-ohrringe,https://www.sunnyartis.de/schmuck,301,,,,
www.sunnyartis.de/products/lila-blaetenpracht-ohrringe,https://www.sunnyartis.de/schmuck,301,,,,
sunnyartis.de/products/lila-bluetentreame-ohrringe,https://www.sunnyartis.de/schmuck,301,,,,
www.sunnyartis.de/products/lila-bluetentreame-ohrringe,https://www.sunnyartis.de/schmuck,301,,,,
sunnyartis.de/products/lilienrauten-ohrringe,https://www.sunnyartis.de/schmuck,301,,,,
www.sunnyartis.de/products/lilienrauten-ohrringe,https://www.sunnyartis.de/schmuck,301,,,,
sunnyartis.de/products/lilith-glitz-ohrringe-epoxidharz,https://www.sunnyartis.de/schmuck,301,,,,
www.sunnyartis.de/products/lilith-glitz-ohrringe-epoxidharz,https://www.sunnyartis.de/schmuck,301,,,,
sunnyartis.de/products/lilith-lumiere-ohrringe,https://www.sunnyartis.de/schmuck,301,,,,
www.sunnyartis.de/products/lilith-lumiere-ohrringe,https://www.sunnyartis.de/schmuck,301,,,,
sunnyartis.de/products/madchen-mit-sonnenbrille,https://www.sunnyartis.de/malen,301,,,,
www.sunnyartis.de/products/madchen-mit-sonnenbrille,https://www.sunnyartis.de/malen,301,,,,
sunnyartis.de/products/maedchen-denken-plotterdatei-svg,https://www.sunnyartis.de/downloads,301,,,,
www.sunnyartis.de/products/maedchen-denken-plotterdatei-svg,https://www.sunnyartis.de/downloads,301,,,,
sunnyartis.de/products/maedchen-zum-nachdenken,https://www.sunnyartis.de/downloads,301,,,,
www.sunnyartis.de/products/maedchen-zum-nachdenken,https://www.sunnyartis.de/downloads,301,,,,
sunnyartis.de/products/magische-sternsilhouette,https://www.sunnyartis.de/downloads,301,,,,
www.sunnyartis.de/products/magische-sternsilhouette,https://www.sunnyartis.de/downloads,301,,,,
sunnyartis.de/products/magische-sternsilhouette-plotterdatei-svg,https://www.sunnyartis.de/downloads,301,,,,
www.sunnyartis.de/products/magische-sternsilhouette-plotterdatei-svg,https://www.sunnyartis.de/downloads,301,,,,
sunnyartis.de/products/majestatischer-glanz-armband,https://www.sunnyartis.de/schmuck,301,,,,
www.sunnyartis.de/products/majestatischer-glanz-armband,https://www.sunnyartis.de/schmuck,301,,,,
sunnyartis.de/products/mandalas-nahtloses-muster,https://www.sunnyartis.de/downloads,301,,,,
www.sunnyartis.de/products/mandalas-nahtloses-muster,https://www.sunnyartis.de/downloads,301,,,,
sunnyartis.de/products/mare-flora-ohrringe,https://www.sunnyartis.de/schmuck,301,,,,
www.sunnyartis.de/products/mare-flora-ohrringe,https://www.sunnyartis.de/schmuck,301,,,,
sunnyartis.de/products/meerbrise-epoxidharz-ohrringe,https://www.sunnyartis.de/schmuck,301,,,,
www.sunnyartis.de/products/meerbrise-epoxidharz-ohrringe,https://www.sunnyartis.de/schmuck,301,,,,
sunnyartis.de/products/mosaikmeisterwerk-ohrringe,https://www.sunnyartis.de/schmuck,301,,,,
www.sunnyartis.de/products/mosaikmeisterwerk-ohrringe,https://www.sunnyartis.de/schmuck,301,,,,
sunnyartis.de/products/musicgirl,https://www.sunnyartis.de/downloads,301,,,,
www.sunnyartis.de/products/musicgirl,https://www.sunnyartis.de/downloads,301,,,,
sunnyartis.de/products/musicgirl-plotterdatei-svg,https://www.sunnyartis.de/downloads,301,,,,
www.sunnyartis.de/products/musicgirl-plotterdatei-svg,https://www.sunnyartis.de/downloads,301,,,,
sunnyartis.de/products/mutter-und-kind,https://www.sunnyartis.de/downloads,301,,,,
www.sunnyartis.de/products/mutter-und-kind,https://www.sunnyartis.de/downloads,301,,,,
sunnyartis.de/products/mutter-und-kind-plotterdatei-svg,https://www.sunnyartis.de/downloads,301,,,,
www.sunnyartis.de/products/mutter-und-kind-plotterdatei-svg,https://www.sunnyartis.de/downloads,301,,,,
sunnyartis.de/products/mystic-whisper-ohrringen,https://www.sunnyartis.de/schmuck,301,,,,
www.sunnyartis.de/products/mystic-whisper-ohrringen,https://www.sunnyartis.de/schmuck,301,,,,
sunnyartis.de/products/mystische-spitzenzauber-ohrringe,https://www.sunnyartis.de/schmuck,301,,,,
www.sunnyartis.de/products/mystische-spitzenzauber-ohrringe,https://www.sunnyartis.de/schmuck,301,,,,
sunnyartis.de/products/nahtloses-muster-set-dunkle-farben,https://www.sunnyartis.de/downloads,301,,,,
www.sunnyartis.de/products/nahtloses-muster-set-dunkle-farben,https://www.sunnyartis.de/downloads,301,,,,
sunnyartis.de/products/nahtloses-muster-set-fruhling,https://www.sunnyartis.de/downloads,301,,,,
www.sunnyartis.de/products/nahtloses-muster-set-fruhling,https://www.sunnyartis.de/downloads,301,,,,
sunnyartis.de/products/nahtloses-muster-set-helle-farben,https://www.sunnyartis.de/downloads,301,,,,
www.sunnyartis.de/products/nahtloses-muster-set-helle-farben,https://www.sunnyartis.de/downloads,301,,,,
sunnyartis.de/products/nahtloses-muster-set-rosa-braun,https://www.sunnyartis.de/downloads,301,,,,
www.sunnyartis.de/products/nahtloses-muster-set-rosa-braun,https://www.sunnyartis.de/downloads,301,,,,
sunnyartis.de/products/niedlicher-osterhase-stupsnase,https://www.sunnyartis.de/downloads,301,,,,
www.sunnyartis.de/products/niedlicher-osterhase-stupsnase,https://www.sunnyartis.de/downloads,301,,,,
sunnyartis.de/products/ocean-bloom-ohrringe,https://www.sunnyartis.de/schmuck,301,,,,
www.sunnyartis.de/products/ocean-bloom-ohrringe,https://www.sunnyartis.de/schmuck,301,,,,
sunnyartis.de/products/os001,https://www.sunnyartis.de/schmuck,301,,,,
www.sunnyartis.de/products/os001,https://www.sunnyartis.de/schmuck,301,,,,
sunnyartis.de/products/os003,https://www.sunnyartis.de/schmuck,301,,,,
www.sunnyartis.de/products/os003,https://www.sunnyartis.de/schmuck,301,,,,
sunnyartis.de/products/os004,https://www.sunnyartis.de/schmuck,301,,,,
www.sunnyartis.de/products/os004,https://www.sunnyartis.de/schmuck,301,,,,
sunnyartis.de/products/os006,https://www.sunnyartis.de/schmuck,301,,,,
www.sunnyartis.de/products/os006,https://www.sunnyartis.de/schmuck,301,,,,
sunnyartis.de/products/os010,https://www.sunnyartis.de/schmuck,301,,,,
www.sunnyartis.de/products/os010,https://www.sunnyartis.de/schmuck,301,,,,
sunnyartis.de/products/os012,https://www.sunnyartis.de/schmuck,301,,,,
www.sunnyartis.de/products/os012,https://www.sunnyartis.de/schmuck,301,,,,
sunnyartis.de/products/os014,https://www.sunnyartis.de/schmuck,301,,,,
www.sunnyartis.de/products/os014,https://www.sunnyartis.de/schmuck,301,,,,
sunnyartis.de/products/os017,https://www.sunnyartis.de/schmuck,301,,,,
www.sunnyartis.de/products/os017,https://www.sunnyartis.de/schmuck,301,,,,
sunnyartis.de/products/os019,https://www.sunnyartis.de/schmuck,301,,,,
www.sunnyartis.de/products/os019,https://www.sunnyartis.de/schmuck,301,,,,
sunnyartis.de/products/os021,https://www.sunnyartis.de/schmuck,301,,,,
www.sunnyartis.de/products/os021,https://www.sunnyartis.de/schmuck,301,,,,
sunnyartis.de/products/os023,https://www.sunnyartis.de/schmuck,301,,,,
www.sunnyartis.de/products/os023,https://www.sunnyartis.de/schmuck,301,,,,
sunnyartis.de/products/os024,https://www.sunnyartis.de/schmuck,301,,,,
www.sunnyartis.de/products/os024,https://www.sunnyartis.de/schmuck,301,,,,
sunnyartis.de/products/os025,https://www.sunnyartis.de/schmuck,301,,,,
www.sunnyartis.de/products/os025,https://www.sunnyartis.de/schmuck,301,,,,
sunnyartis.de/products/os026,https://www.sunnyartis.de/schmuck,301,,,,
www.sunnyartis.de/products/os026,https://www.sunnyartis.de/schmuck,301,,,,
sunnyartis.de/products/os027,https://www.sunnyartis.de/schmuck,301,,,,
www.sunnyartis.de/products/os027,https://www.sunnyartis.de/schmuck,301,,,,
sunnyartis.de/products/os030,https://www.sunnyartis.de/schmuck,301,,,,
www.sunnyartis.de/products/os030,https://www.sunnyartis.de/schmuck,301,,,,
sunnyartis.de/products/os031,https://www.sunnyartis.de/schmuck,301,,,,
www.sunnyartis.de/products/os031,https://www.sunnyartis.de/schmuck,301,,,,
sunnyartis.de/products/os032,https://www.sunnyartis.de/,301,,,,
www.sunnyartis.de/products/os032,https://www.sunnyartis.de/,301,,,,
sunnyartis.de/products/os034,https://www.sunnyartis.de/schmuck,301,,,,
www.sunnyartis.de/products/os034,https://www.sunnyartis.de/schmuck,301,,,,
sunnyartis.de/products/os037,https://www.sunnyartis.de/,301,,,,
www.sunnyartis.de/products/os037,https://www.sunnyartis.de/,301,,,,
sunnyartis.de/products/os037-1,https://www.sunnyartis.de/schmuck,301,,,,
www.sunnyartis.de/products/os037-1,https://www.sunnyartis.de/schmuck,301,,,,
sunnyartis.de/products/os038,https://www.sunnyartis.de/,301,,,,
www.sunnyartis.de/products/os038,https://www.sunnyartis.de/,301,,,,
sunnyartis.de/products/os038-1,https://www.sunnyartis.de/schmuck,301,,,,
www.sunnyartis.de/products/os038-1,https://www.sunnyartis.de/schmuck,301,,,,
sunnyartis.de/products/os039,https://www.sunnyartis.de/schmuck,301,,,,
www.sunnyartis.de/products/os039,https://www.sunnyartis.de/schmuck,301,,,,
sunnyartis.de/products/os040,https://www.sunnyartis.de/schmuck,301,,,,
www.sunnyartis.de/products/os040,https://www.sunnyartis.de/schmuck,301,,,,
sunnyartis.de/products/os042,https://www.sunnyartis.de/schmuck,301,,,,
www.sunnyartis.de/products/os042,https://www.sunnyartis.de/schmuck,301,,,,
sunnyartis.de/products/os044,https://www.sunnyartis.de/schmuck,301,,,,
www.sunnyartis.de/products/os044,https://www.sunnyartis.de/schmuck,301,,,,
sunnyartis.de/products/os045,https://www.sunnyartis.de/schmuck,301,,,,
www.sunnyartis.de/products/os045,https://www.sunnyartis.de/schmuck,301,,,,
sunnyartis.de/products/os046-1,https://www.sunnyartis.de/schmuck,301,,,,
www.sunnyartis.de/products/os046-1,https://www.sunnyartis.de/schmuck,301,,,,
sunnyartis.de/products/os048,https://www.sunnyartis.de/schmuck,301,,,,
www.sunnyartis.de/products/os048,https://www.sunnyartis.de/schmuck,301,,,,
sunnyartis.de/products/os050,https://www.sunnyartis.de/schmuck,301,,,,
www.sunnyartis.de/products/os050,https://www.sunnyartis.de/schmuck,301,,,,
sunnyartis.de/products/os051,https://www.sunnyartis.de/schmuck,301,,,,
www.sunnyartis.de/products/os051,https://www.sunnyartis.de/schmuck,301,,,,
sunnyartis.de/products/os052,https://www.sunnyartis.de/schmuck,301,,,,
www.sunnyartis.de/products/os052,https://www.sunnyartis.de/schmuck,301,,,,
sunnyartis.de/products/os053,https://www.sunnyartis.de/schmuck,301,,,,
www.sunnyartis.de/products/os053,https://www.sunnyartis.de/schmuck,301,,,,
sunnyartis.de/products/os056,https://www.sunnyartis.de/schmuck,301,,,,
www.sunnyartis.de/products/os056,https://www.sunnyartis.de/schmuck,301,,,,
sunnyartis.de/products/os057,https://www.sunnyartis.de/schmuck,301,,,,
www.sunnyartis.de/products/os057,https://www.sunnyartis.de/schmuck,301,,,,
sunnyartis.de/products/os058,https://www.sunnyartis.de/schmuck,301,,,,
www.sunnyartis.de/products/os058,https://www.sunnyartis.de/schmuck,301,,,,
sunnyartis.de/products/os060,https://www.sunnyartis.de/schmuck,301,,,,
www.sunnyartis.de/products/os060,https://www.sunnyartis.de/schmuck,301,,,,
sunnyartis.de/products/os061,https://www.sunnyartis.de/schmuck,301,,,,
www.sunnyartis.de/products/os061,https://www.sunnyartis.de/schmuck,301,,,,
sunnyartis.de/products/os062,https://www.sunnyartis.de/schmuck,301,,,,
www.sunnyartis.de/products/os062,https://www.sunnyartis.de/schmuck,301,,,,
sunnyartis.de/products/os064,https://www.sunnyartis.de/,301,,,,
www.sunnyartis.de/products/os064,https://www.sunnyartis.de/,301,,,,
sunnyartis.de/products/os065,https://www.sunnyartis.de/schmuck,301,,,,
www.sunnyartis.de/products/os065,https://www.sunnyartis.de/schmuck,301,,,,
sunnyartis.de/products/os066,https://www.sunnyartis.de/schmuck,301,,,,
www.sunnyartis.de/products/os066,https://www.sunnyartis.de/schmuck,301,,,,
sunnyartis.de/products/os067,https://www.sunnyartis.de/schmuck,301,,,,
www.sunnyartis.de/products/os067,https://www.sunnyartis.de/schmuck,301,,,,
sunnyartis.de/products/os068,https://www.sunnyartis.de/,301,,,,
www.sunnyartis.de/products/os068,https://www.sunnyartis.de/,301,,,,
sunnyartis.de/products/os069,https://www.sunnyartis.de/schmuck,301,,,,
www.sunnyartis.de/products/os069,https://www.sunnyartis.de/schmuck,301,,,,
sunnyartis.de/products/os070,https://www.sunnyartis.de/schmuck,301,,,,
www.sunnyartis.de/products/os070,https://www.sunnyartis.de/schmuck,301,,,,
sunnyartis.de/products/os077,https://www.sunnyartis.de/schmuck,301,,,,
www.sunnyartis.de/products/os077,https://www.sunnyartis.de/schmuck,301,,,,
sunnyartis.de/products/osterhasen-silhoutte-im-blumenei,https://www.sunnyartis.de/downloads,301,,,,
www.sunnyartis.de/products/osterhasen-silhoutte-im-blumenei,https://www.sunnyartis.de/downloads,301,,,,
sunnyartis.de/products/osterhasen-silhoutte-plotterdatei-svg,https://www.sunnyartis.de/downloads,301,,,,
www.sunnyartis.de/products/osterhasen-silhoutte-plotterdatei-svg,https://www.sunnyartis.de/downloads,301,,,,
sunnyartis.de/products/ostern-bastelset-digitales-design,https://www.sunnyartis.de/downloads,301,,,,
www.sunnyartis.de/products/ostern-bastelset-digitales-design,https://www.sunnyartis.de/downloads,301,,,,
sunnyartis.de/products/ostern-bastelset-plotterdatei-svg,https://www.sunnyartis.de/downloads,301,,,,
www.sunnyartis.de/products/ostern-bastelset-plotterdatei-svg,https://www.sunnyartis.de/downloads,301,,,,
sunnyartis.de/products/pfau-flamingo-und-kolibri-im-set,https://www.sunnyartis.de/downloads,301,,,,
www.sunnyartis.de/products/pfau-flamingo-und-kolibri-im-set,https://www.sunnyartis.de/downloads,301,,,,
sunnyartis.de/products/pfauen-im-set,https://www.sunnyartis.de/downloads,301,,,,
www.sunnyartis.de/products/pfauen-im-set,https://www.sunnyartis.de/downloads,301,,,,
sunnyartis.de/products/pfauen-in-love,https://www.sunnyartis.de/downloads,301,,,,
www.sunnyartis.de/products/pfauen-in-love,https://www.sunnyartis.de/downloads,301,,,,
sunnyartis.de/products/pfauen-plotterdatei-svg,https://www.sunnyartis.de/downloads,301,,,,
www.sunnyartis.de/products/pfauen-plotterdatei-svg,https://www.sunnyartis.de/downloads,301,,,,
sunnyartis.de/products/pink-power-eclipse-ohrringe,https://www.sunnyartis.de/schmuck,301,,,,
www.sunnyartis.de/products/pink-power-eclipse-ohrringe,https://www.sunnyartis.de/schmuck,301,,,,
sunnyartis.de/products/plotterdatei-ballet-sneakers,https://www.sunnyartis.de/downloads,301,,,,
www.sunnyartis.de/products/plotterdatei-ballet-sneakers,https://www.sunnyartis.de/downloads,301,,,,
sunnyartis.de/products/plotterdatei-bluetenherz,https://www.sunnyartis.de/downloads,301,,,,
www.sunnyartis.de/products/plotterdatei-bluetenherz,https://www.sunnyartis.de/downloads,301,,,,
sunnyartis.de/products/plotterdatei-faultier-svg,https://www.sunnyartis.de/downloads,301,,,,
www.sunnyartis.de/products/plotterdatei-faultier-svg,https://www.sunnyartis.de/downloads,301,,,,
sunnyartis.de/products/plotterdatei-fuchs,https://www.sunnyartis.de/downloads,301,,,,
www.sunnyartis.de/products/plotterdatei-fuchs,https://www.sunnyartis.de/downloads,301,,,,
sunnyartis.de/products/plotterdatei-gamer-mit-stil,https://www.sunnyartis.de/downloads,301,,,,
www.sunnyartis.de/products/plotterdatei-gamer-mit-stil,https://www.sunnyartis.de/downloads,301,,,,
sunnyartis.de/products/plotterdatei-hirsch,https://www.sunnyartis.de/downloads,301,,,,
www.sunnyartis.de/products/plotterdatei-hirsch,https://www.sunnyartis.de/downloads,301,,,,
sunnyartis.de/products/plotterdatei-igel-svg,https://www.sunnyartis.de/downloads,301,,,,
www.sunnyartis.de/products/plotterdatei-igel-svg,https://www.sunnyartis.de/downloads,301,,,,
sunnyartis.de/products/plotterdatei-kostenlos-svg-herzsilhouette,https://www.sunnyartis.de/downloads,301,,,,
www.sunnyartis.de/products/plotterdatei-kostenlos-svg-herzsilhouette,https://www.sunnyartis.de/downloads,301,,,,
sunnyartis.de/products/plotterdatei-muttertagsset-svg,https://www.sunnyartis.de/downloads,301,,,,
www.sunnyartis.de/products/plotterdatei-muttertagsset-svg,https://www.sunnyartis.de/downloads,301,,,,
sunnyartis.de/products/plotterdatei-set-pfauen,https://www.sunnyartis.de/downloads,301,,,,
www.sunnyartis.de/products/plotterdatei-set-pfauen,https://www.sunnyartis.de/downloads,301,,,,
sunnyartis.de/products/plotterdatei-sneakers-set,https://www.sunnyartis.de/downloads,301,,,,
www.sunnyartis.de/products/plotterdatei-sneakers-set,https://www.sunnyartis.de/downloads,301,,,,
sunnyartis.de/products/plotterdatei-svg-basteldatei-windlicht,https://www.sunnyartis.de/downloads,301,,,,
www.sunnyartis.de/products/plotterdatei-svg-basteldatei-windlicht,https://www.sunnyartis.de/downloads,301,,,,
sunnyartis.de/products/plotterdatei-svg-coole-sneakers,https://www.sunnyartis.de/downloads,301,,,,
www.sunnyartis.de/products/plotterdatei-svg-coole-sneakers,https://www.sunnyartis.de/downloads,301,,,,
sunnyartis.de/products/plotterdatei-svg-eichhoernchen,https://www.sunnyartis.de/downloads,301,,,,
www.sunnyartis.de/products/plotterdatei-svg-eichhoernchen,https://www.sunnyartis.de/downloads,301,,,,
sunnyartis.de/products/plotterdatei-svg-einhorn,https://www.sunnyartis.de/downloads,301,,,,
www.sunnyartis.de/products/plotterdatei-svg-einhorn,https://www.sunnyartis.de/downloads,301,,,,
sunnyartis.de/products/plotterdatei-svg-eule,https://www.sunnyartis.de/downloads,301,,,,
www.sunnyartis.de/products/plotterdatei-svg-eule,https://www.sunnyartis.de/downloads,301,,,,
sunnyartis.de/products/plotterdatei-svg-eule-mit-amulett,https://www.sunnyartis.de/downloads,301,,,,
www.sunnyartis.de/products/plotterdatei-svg-eule-mit-amulett,https://www.sunnyartis.de/downloads,301,,,,
sunnyartis.de/products/plotterdatei-svg-fee,https://www.sunnyartis.de/downloads,301,,,,
www.sunnyartis.de/products/plotterdatei-svg-fee,https://www.sunnyartis.de/downloads,301,,,,
sunnyartis.de/products/plotterdatei-svg-gamer-tetris,https://www.sunnyartis.de/downloads,301,,,,
www.sunnyartis.de/products/plotterdatei-svg-gamer-tetris,https://www.sunnyartis.de/downloads,301,,,,
sunnyartis.de/products/plotterdatei-svg-gemusterte-blume,https://www.sunnyartis.de/downloads,301,,,,
www.sunnyartis.de/products/plotterdatei-svg-gemusterte-blume,https://www.sunnyartis.de/downloads,301,,,,
sunnyartis.de/products/plotterdatei-svg-katze-mit-spurch,https://www.sunnyartis.de/downloads,301,,,,
www.sunnyartis.de/products/plotterdatei-svg-katze-mit-spurch,https://www.sunnyartis.de/downloads,301,,,,
sunnyartis.de/products/plotterdatei-svg-katzengesicht,https://www.sunnyartis.de/downloads,301,,,,
www.sunnyartis.de/products/plotterdatei-svg-katzengesicht,https://www.sunnyartis.de/downloads,301,,,,
sunnyartis.de/products/plotterdatei-svg-kolibri,https://www.sunnyartis.de/downloads,301,,,,
www.sunnyartis.de/products/plotterdatei-svg-kolibri,https://www.sunnyartis.de/downloads,301,,,,
sunnyartis.de/products/plotterdatei-svg-osterhase-stupsnase,https://www.sunnyartis.de/downloads,301,,,,
www.sunnyartis.de/products/plotterdatei-svg-osterhase-stupsnase,https://www.sunnyartis.de/downloads,301,,,,
sunnyartis.de/products/plotterdatei-svg-pfau,https://www.sunnyartis.de/downloads,301,,,,
www.sunnyartis.de/products/plotterdatei-svg-pfau,https://www.sunnyartis.de/downloads,301,,,,
sunnyartis.de/products/plotterdatei-svg-reh,https://www.sunnyartis.de/downloads,301,,,,
www.sunnyartis.de/products/plotterdatei-svg-reh,https://www.sunnyartis.de/downloads,301,,,,
sunnyartis.de/products/plotterdatei-svg-schmetterling,https://www.sunnyartis.de/downloads,301,,,,
www.sunnyartis.de/products/plotterdatei-svg-schmetterling,https://www.sunnyartis.de/downloads,301,,,,
sunnyartis.de/products/plotterdatei-svg-sneakers-laessig,https://www.sunnyartis.de/downloads,301,,,,
www.sunnyartis.de/products/plotterdatei-svg-sneakers-laessig,https://www.sunnyartis.de/downloads,301,,,,
sunnyartis.de/products/plotterdatei-svg-sussigkeiten-verpackung,https://www.sunnyartis.de/downloads,301,,,,
www.sunnyartis.de/products/plotterdatei-svg-sussigkeiten-verpackung,https://www.sunnyartis.de/downloads,301,,,,
sunnyartis.de/products/plotterdatei-svg-voegel,https://www.sunnyartis.de/downloads,301,,,,
www.sunnyartis.de/products/plotterdatei-svg-voegel,https://www.sunnyartis.de/downloads,301,,,,
sunnyartis.de/products/plotterdatei-svg-wikinger-trinkspruch,https://www.sunnyartis.de/downloads,301,,,,
www.sunnyartis.de/products/plotterdatei-svg-wikinger-trinkspruch,https://www.sunnyartis.de/downloads,301,,,,
sunnyartis.de/products/plottersatei-bluetenherz,https://www.sunnyartis.de/downloads,301,,,,
www.sunnyartis.de/products/plottersatei-bluetenherz,https://www.sunnyartis.de/downloads,301,,,,
sunnyartis.de/products/plottersdatei-vatertagsset,https://www.sunnyartis.de/downloads,301,,,,
www.sunnyartis.de/products/plottersdatei-vatertagsset,https://www.sunnyartis.de/downloads,301,,,,
sunnyartis.de/products/plottersdatei-vatertagsset-kostenlos,https://www.sunnyartis.de/downloads,301,,,,
www.sunnyartis.de/products/plottersdatei-vatertagsset-kostenlos,https://www.sunnyartis.de/downloads,301,,,,
sunnyartis.de/products/poster,https://www.sunnyartis.de/gemaelde,301,,,,
www.sunnyartis.de/products/poster,https://www.sunnyartis.de/gemaelde,301,,,,
sunnyartis.de/products/poster-50x50-a1-oelmalerei,https://www.sunnyartis.de/gemaelde,301,,,,
www.sunnyartis.de/products/poster-50x50-a1-oelmalerei,https://www.sunnyartis.de/gemaelde,301,,,,
sunnyartis.de/products/poster-50x50-gt1-acrylmalerei,https://www.sunnyartis.de/gemaelde,301,,,,
www.sunnyartis.de/products/poster-50x50-gt1-acrylmalerei,https://www.sunnyartis.de/gemaelde,301,,,,
sunnyartis.de/products/poster-50x50-gt2-acrylmalerei,https://www.sunnyartis.de/gemaelde,301,,,,
www.sunnyartis.de/products/poster-50x50-gt2-acrylmalerei,https://www.sunnyartis.de/gemaelde,301,,,,
sunnyartis.de/products/poster-50x50-gt3-acrylmalerei,https://www.sunnyartis.de/gemaelde,301,,,,
www.sunnyartis.de/products/poster-50x50-gt3-acrylmalerei,https://www.sunnyartis.de/gemaelde,301,,,,
sunnyartis.de/products/poster-50x50-gt4-acrylmalerei,https://www.sunnyartis.de/gemaelde,301,,,,
www.sunnyartis.de/products/poster-50x50-gt4-acrylmalerei,https://www.sunnyartis.de/gemaelde,301,,,,
sunnyartis.de/products/poster-50x50-ua2-oelmalerei,https://www.sunnyartis.de/gemaelde,301,,,,
www.sunnyartis.de/products/poster-50x50-ua2-oelmalerei,https://www.sunnyartis.de/gemaelde,301,,,,
sunnyartis.de/products/poster-a3-db1-digitale-kunst,https://www.sunnyartis.de/gemaelde,301,,,,
www.sunnyartis.de/products/poster-a3-db1-digitale-kunst,https://www.sunnyartis.de/gemaelde,301,,,,
sunnyartis.de/products/poster-a3-go1-mixed-technik,https://www.sunnyartis.de/gemaelde,301,,,,
www.sunnyartis.de/products/poster-a3-go1-mixed-technik,https://www.sunnyartis.de/gemaelde,301,,,,
sunnyartis.de/products/poster-a3-go2-mixed-technik,https://www.sunnyartis.de/gemaelde,301,,,,
www.sunnyartis.de/products/poster-a3-go2-mixed-technik,https://www.sunnyartis.de/gemaelde,301,,,,
sunnyartis.de/products/poster-a3-goo3-mixed-technik,https://www.sunnyartis.de/gemaelde,301,,,,
www.sunnyartis.de/products/poster-a3-goo3-mixed-technik,https://www.sunnyartis.de/gemaelde,301,,,,
sunnyartis.de/products/poster-a3-gt5-bleistiftzeichnung,https://www.sunnyartis.de/gemaelde,301,,,,
www.sunnyartis.de/products/poster-a3-gt5-bleistiftzeichnung,https://www.sunnyartis.de/gemaelde,301,,,,
sunnyartis.de/products/poster-a3-headset-gm1-digitale-kunst,https://www.sunnyartis.de/gemaelde,301,,,,
www.sunnyartis.de/products/poster-a3-headset-gm1-digitale-kunst,https://www.sunnyartis.de/gemaelde,301,,,,
sunnyartis.de/products/poster-a3-hy1-digitale-kunst,https://www.sunnyartis.de/gemaelde,301,,,,
www.sunnyartis.de/products/poster-a3-hy1-digitale-kunst,https://www.sunnyartis.de/gemaelde,301,,,,
sunnyartis.de/products/poster-a3-hy2-digitale-kunst,https://www.sunnyartis.de/gemaelde,301,,,,
www.sunnyartis.de/products/poster-a3-hy2-digitale-kunst,https://www.sunnyartis.de/gemaelde,301,,,,
sunnyartis.de/products/poster-a3-mh1-bleistiftzeichnung,https://www.sunnyartis.de/gemaelde,301,,,,
www.sunnyartis.de/products/poster-a3-mh1-bleistiftzeichnung,https://www.sunnyartis.de/gemaelde,301,,,,
sunnyartis.de/products/poster-a3-mk1-bleistiftzeichnung,https://www.sunnyartis.de/gemaelde,301,,,,
www.sunnyartis.de/products/poster-a3-mk1-bleistiftzeichnung,https://www.sunnyartis.de/gemaelde,301,,,,
sunnyartis.de/products/poster-a3-motiv-a3-digitale-kunst,https://www.sunnyartis.de/gemaelde,301,,,,
www.sunnyartis.de/products/poster-a3-motiv-a3-digitale-kunst,https://www.sunnyartis.de/gemaelde,301,,,,
sunnyartis.de/products/poster-a3-motiv-a4-digitale-kunst,https://www.sunnyartis.de/gemaelde,301,,,,
www.sunnyartis.de/products/poster-a3-motiv-a4-digitale-kunst,https://www.sunnyartis.de/gemaelde,301,,,,
sunnyartis.de/products/poster-a3-motiv-a5-digitale-kunst,https://www.sunnyartis.de/gemaelde,301,,,,
www.sunnyartis.de/products/poster-a3-motiv-a5-digitale-kunst,https://www.sunnyartis.de/gemaelde,301,,,,
sunnyartis.de/products/poster-a3-ms1-bleistiftzeichnung,https://www.sunnyartis.de/gemaelde,301,,,,
www.sunnyartis.de/products/poster-a3-ms1-bleistiftzeichnung,https://www.sunnyartis.de/gemaelde,301,,,,
sunnyartis.de/products/poster-a3-op0-digitale-kunst,https://www.sunnyartis.de/gemaelde,301,,,,
www.sunnyartis.de/products/poster-a3-op0-digitale-kunst,https://www.sunnyartis.de/gemaelde,301,,,,
sunnyartis.de/products/poster-a3-op1-digitale-kunst,https://www.sunnyartis.de/gemaelde,301,,,,
www.sunnyartis.de/products/poster-a3-op1-digitale-kunst,https://www.sunnyartis.de/gemaelde,301,,,,
sunnyartis.de/products/poster-a3-op12-aquarell-zeichnung,https://www.sunnyartis.de/gemaelde,301,,,,
www.sunnyartis.de/products/poster-a3-op12-aquarell-zeichnung,https://www.sunnyartis.de/gemaelde,301,,,,
sunnyartis.de/products/poster-a3-op13-aquarell-zeichnung,https://www.sunnyartis.de/gemaelde,301,,,,
www.sunnyartis.de/products/poster-a3-op13-aquarell-zeichnung,https://www.sunnyartis.de/gemaelde,301,,,,
sunnyartis.de/products/poster-a3-op15-aquarell-zeichnung,https://www.sunnyartis.de/gemaelde,301,,,,
www.sunnyartis.de/products/poster-a3-op15-aquarell-zeichnung,https://www.sunnyartis.de/gemaelde,301,,,,
sunnyartis.de/products/poster-a3-op16-aquarell-zeichnung,https://www.sunnyartis.de/gemaelde,301,,,,
www.sunnyartis.de/products/poster-a3-op16-aquarell-zeichnung,https://www.sunnyartis.de/gemaelde,301,,,,
sunnyartis.de/products/poster-a3-op17-aquarell-zeichnung,https://www.sunnyartis.de/gemaelde,301,,,,
www.sunnyartis.de/products/poster-a3-op17-aquarell-zeichnung,https://www.sunnyartis.de/gemaelde,301,,,,
sunnyartis.de/products/poster-a3-op18-aquarell-zeichnung,https://www.sunnyartis.de/gemaelde,301,,,,
www.sunnyartis.de/products/poster-a3-op18-aquarell-zeichnung,https://www.sunnyartis.de/gemaelde,301,,,,
sunnyartis.de/products/poster-a3-op19-aquarell-zeichnung,https://www.sunnyartis.de/gemaelde,301,,,,
www.sunnyartis.de/products/poster-a3-op19-aquarell-zeichnung,https://www.sunnyartis.de/gemaelde,301,,,,
sunnyartis.de/products/poster-a3-op2-digitale-kunst,https://www.sunnyartis.de/gemaelde,301,,,,
www.sunnyartis.de/products/poster-a3-op2-digitale-kunst,https://www.sunnyartis.de/gemaelde,301,,,,
sunnyartis.de/products/poster-a3-op3-digitale-kunst,https://www.sunnyartis.de/gemaelde,301,,,,
www.sunnyartis.de/products/poster-a3-op3-digitale-kunst,https://www.sunnyartis.de/gemaelde,301,,,,
sunnyartis.de/products/poster-a3-op4-digitale-kunst,https://www.sunnyartis.de/gemaelde,301,,,,
www.sunnyartis.de/products/poster-a3-op4-digitale-kunst,https://www.sunnyartis.de/gemaelde,301,,,,
sunnyartis.de/products/poster-a3-op5-digitale-kunst,https://www.sunnyartis.de/gemaelde,301,,,,
www.sunnyartis.de/products/poster-a3-op5-digitale-kunst,https://www.sunnyartis.de/gemaelde,301,,,,
sunnyartis.de/products/poster-a3-op6-digitale-kunst,https://www.sunnyartis.de/gemaelde,301,,,,
www.sunnyartis.de/products/poster-a3-op6-digitale-kunst,https://www.sunnyartis.de/gemaelde,301,,,,
sunnyartis.de/products/poster-a3-op7-digitale-kunst,https://www.sunnyartis.de/gemaelde,301,,,,
www.sunnyartis.de/products/poster-a3-op7-digitale-kunst,https://www.sunnyartis.de/gemaelde,301,,,,
sunnyartis.de/products/poster-a3-op8-digitale-kunst,https://www.sunnyartis.de/gemaelde,301,,,,
www.sunnyartis.de/products/poster-a3-op8-digitale-kunst,https://www.sunnyartis.de/gemaelde,301,,,,
sunnyartis.de/products/poster-a3-op9-digitale-kunst,https://www.sunnyartis.de/gemaelde,301,,,,
www.sunnyartis.de/products/poster-a3-op9-digitale-kunst,https://www.sunnyartis.de/gemaelde,301,,,,
sunnyartis.de/products/poster-a3-pk1-oelmalerei,https://www.sunnyartis.de/gemaelde,301,,,,
www.sunnyartis.de/products/poster-a3-pk1-oelmalerei,https://www.sunnyartis.de/gemaelde,301,,,,
sunnyartis.de/products/poster-a3-sh1-bleistiftzeichnung,https://www.sunnyartis.de/gemaelde,301,,,,
www.sunnyartis.de/products/poster-a3-sh1-bleistiftzeichnung,https://www.sunnyartis.de/gemaelde,301,,,,
sunnyartis.de/products/poster-a3-sh2-bleistiftzeichnung,https://www.sunnyartis.de/gemaelde,301,,,,
www.sunnyartis.de/products/poster-a3-sh2-bleistiftzeichnung,https://www.sunnyartis.de/gemaelde,301,,,,
sunnyartis.de/products/poster-a3-sh3-bleistiftzeichnung,https://www.sunnyartis.de/gemaelde,301,,,,
www.sunnyartis.de/products/poster-a3-sh3-bleistiftzeichnung,https://www.sunnyartis.de/gemaelde,301,,,,
sunnyartis.de/products/poster-a3-sh4-bleistiftzeichnung,https://www.sunnyartis.de/gemaelde,301,,,,
www.sunnyartis.de/products/poster-a3-sh4-bleistiftzeichnung,https://www.sunnyartis.de/gemaelde,301,,,,
sunnyartis.de/products/poster-a3-sh5-bleistiftzeichnung,https://www.sunnyartis.de/gemaelde,301,,,,
www.sunnyartis.de/products/poster-a3-sh5-bleistiftzeichnung,https://www.sunnyartis.de/gemaelde,301,,,,
sunnyartis.de/products/poster-a3-sh6-bleistiftzeichnung,https://www.sunnyartis.de/gemaelde,301,,,,
www.sunnyartis.de/products/poster-a3-sh6-bleistiftzeichnung,https://www.sunnyartis.de/gemaelde,301,,,,
sunnyartis.de/products/poster-a3-tetris-gamer-gm2-digitale-kunst,https://www.sunnyartis.de/gemaelde,301,,,,
www.sunnyartis.de/products/poster-a3-tetris-gamer-gm2-digitale-kunst,https://www.sunnyartis.de/gemaelde,301,,,,
sunnyartis.de/products/poster-a3-traumfaenger-a2-digitale-kunst,https://www.sunnyartis.de/gemaelde,301,,,,
www.sunnyartis.de/products/poster-a3-traumfaenger-a2-digitale-kunst,https://www.sunnyartis.de/gemaelde,301,,,,
sunnyartis.de/products/poster-a3-tv1-bleistiftzeichnung,https://www.sunnyartis.de/gemaelde,301,,,,
www.sunnyartis.de/products/poster-a3-tv1-bleistiftzeichnung,https://www.sunnyartis.de/gemaelde,301,,,,
sunnyartis.de/products/poster-a3-tv2-bleistiftzeichnung,https://www.sunnyartis.de/gemaelde,301,,,,
www.sunnyartis.de/products/poster-a3-tv2-bleistiftzeichnung,https://www.sunnyartis.de/gemaelde,301,,,,
sunnyartis.de/products/poster-a3-ua1-bleistiftzeichnung,https://www.sunnyartis.de/gemaelde,301,,,,
www.sunnyartis.de/products/poster-a3-ua1-bleistiftzeichnung,https://www.sunnyartis.de/gemaelde,301,,,,
sunnyartis.de/products/poster-a3-ua3-bleistiftzeichnung,https://www.sunnyartis.de/gemaelde,301,,,,
www.sunnyartis.de/products/poster-a3-ua3-bleistiftzeichnung,https://www.sunnyartis.de/gemaelde,301,,,,
sunnyartis.de/products/poster-a3-vk1-bleistiftzeichnung,https://www.sunnyartis.de/gemaelde,301,,,,
www.sunnyartis.de/products/poster-a3-vk1-bleistiftzeichnung,https://www.sunnyartis.de/gemaelde,301,,,,
sunnyartis.de/products/poster-a3-vk2-bleistiftzeichnung,https://www.sunnyartis.de/gemaelde,301,,,,
www.sunnyartis.de/products/poster-a3-vk2-bleistiftzeichnung,https://www.sunnyartis.de/gemaelde,301,,,,
sunnyartis.de/products/poster-a3-wd1-comic-style,https://www.sunnyartis.de/gemaelde,301,,,,
www.sunnyartis.de/products/poster-a3-wd1-comic-style,https://www.sunnyartis.de/gemaelde,301,,,,
sunnyartis.de/products/poster-a3-wd2-comic-style,https://www.sunnyartis.de/gemaelde,301,,,,
www.sunnyartis.de/products/poster-a3-wd2-comic-style,https://www.sunnyartis.de/gemaelde,301,,,,
sunnyartis.de/products/poster-a3-wd3-comic-style,https://www.sunnyartis.de/gemaelde,301,,,,
www.sunnyartis.de/products/poster-a3-wd3-comic-style,https://www.sunnyartis.de/gemaelde,301,,,,
sunnyartis.de/products/poster-a3-wd4-comic-style,https://www.sunnyartis.de/gemaelde,301,,,,
www.sunnyartis.de/products/poster-a3-wd4-comic-style,https://www.sunnyartis.de/gemaelde,301,,,,
sunnyartis.de/products/poster-a3-wd5-comic-style,https://www.sunnyartis.de/gemaelde,301,,,,
www.sunnyartis.de/products/poster-a3-wd5-comic-style,https://www.sunnyartis.de/gemaelde,301,,,,
sunnyartis.de/products/poster-a3-wd6-comic-style,https://www.sunnyartis.de/gemaelde,301,,,,
www.sunnyartis.de/products/poster-a3-wd6-comic-style,https://www.sunnyartis.de/gemaelde,301,,,,
sunnyartis.de/products/poster-mit-aufhangern,https://www.sunnyartis.de/gemaelde,301,,,,
www.sunnyartis.de/products/poster-mit-aufhangern,https://www.sunnyartis.de/gemaelde,301,,,,
sunnyartis.de/products/prinzicke,https://www.sunnyartis.de/downloads,301,,,,
www.sunnyartis.de/products/prinzicke,https://www.sunnyartis.de/downloads,301,,,,
sunnyartis.de/products/prinzicke-svg-plotterdatei,https://www.sunnyartis.de/downloads,301,,,,
www.sunnyartis.de/products/prinzicke-svg-plotterdatei,https://www.sunnyartis.de/downloads,301,,,,
sunnyartis.de/products/prost-auf-weihnachten,https://www.sunnyartis.de/downloads,301,,,,
www.sunnyartis.de/products/prost-auf-weihnachten,https://www.sunnyartis.de/downloads,301,,,,
sunnyartis.de/products/prost-auf-weihnachten-svg-plotterdatei,https://www.sunnyartis.de/downloads,301,,,,
www.sunnyartis.de/products/prost-auf-weihnachten-svg-plotterdatei,https://www.sunnyartis.de/downloads,301,,,,
sunnyartis.de/products/retro-gamer-tetris-design,https://www.sunnyartis.de/downloads,301,,,,
www.sunnyartis.de/products/retro-gamer-tetris-design,https://www.sunnyartis.de/downloads,301,,,,
sunnyartis.de/products/ros-bronze-boheme-ohrringe,https://www.sunnyartis.de/schmuck,301,,,,
www.sunnyartis.de/products/ros-bronze-boheme-ohrringe,https://www.sunnyartis.de/schmuck,301,,,,
sunnyartis.de/products/ros-gold-vision-ohrringe-epoxidharz,https://www.sunnyartis.de/schmuck,301,,,,
www.sunnyartis.de/products/ros-gold-vision-ohrringe-epoxidharz,https://www.sunnyartis.de/schmuck,301,,,,
sunnyartis.de/products/rosa-einhorntraum-federohrringe,https://www.sunnyartis.de/,301,,,,
www.sunnyartis.de/products/rosa-einhorntraum-federohrringe,https://www.sunnyartis.de/,301,,,,
sunnyartis.de/products/rosa-eleganz-ohrringe-epoxidharz,https://www.sunnyartis.de/schmuck,301,,,,
www.sunnyartis.de/products/rosa-eleganz-ohrringe-epoxidharz,https://www.sunnyartis.de/schmuck,301,,,,
sunnyartis.de/products/rosa-traumzauber-ohrringe,https://www.sunnyartis.de/schmuck,301,,,,
www.sunnyartis.de/products/rosa-traumzauber-ohrringe,https://www.sunnyartis.de/schmuck,301,,,,
sunnyartis.de/products/rose-runde-ohrringe,https://www.sunnyartis.de/schmuck,301,,,,
www.sunnyartis.de/products/rose-runde-ohrringe,https://www.sunnyartis.de/schmuck,301,,,,
sunnyartis.de/products/rosegold-glamour-ohrringe,https://www.sunnyartis.de/schmuck,301,,,,
www.sunnyartis.de/products/rosegold-glamour-ohrringe,https://www.sunnyartis.de/schmuck,301,,,,
sunnyartis.de/products/rosen,https://www.sunnyartis.de/downloads,301,,,,
www.sunnyartis.de/products/rosen,https://www.sunnyartis.de/downloads,301,,,,
sunnyartis.de/products/rosen-einhorn,https://www.sunnyartis.de/downloads,301,,,,
www.sunnyartis.de/products/rosen-einhorn,https://www.sunnyartis.de/downloads,301,,,,
sunnyartis.de/products/rosen-plotterdatei-svg,https://www.sunnyartis.de/downloads,301,,,,
www.sunnyartis.de/products/rosen-plotterdatei-svg,https://www.sunnyartis.de/downloads,301,,,,
sunnyartis.de/products/rosengarten-tropfen-ohrringe-epoxidharz,https://www.sunnyartis.de/schmuck,301,,,,
www.sunnyartis.de/products/rosengarten-tropfen-ohrringe-epoxidharz,https://www.sunnyartis.de/schmuck,301,,,,
sunnyartis.de/products/schattenmatrix-ohrringe-epoxidharz,https://www.sunnyartis.de/schmuck,301,,,,
www.sunnyartis.de/products/schattenmatrix-ohrringe-epoxidharz,https://www.sunnyartis.de/schmuck,301,,,,
sunnyartis.de/products/schleckermaul-hund,https://www.sunnyartis.de/,301,,,,
www.sunnyartis.de/products/schleckermaul-hund,https://www.sunnyartis.de/,301,,,,
sunnyartis.de/products/schmetterling-mit-rosen,https://www.sunnyartis.de/downloads,301,,,,
www.sunnyartis.de/products/schmetterling-mit-rosen,https://www.sunnyartis.de/downloads,301,,,,
sunnyartis.de/products/schneeglanz-raute-ohrhanger,https://www.sunnyartis.de/schmuck,301,,,,
www.sunnyartis.de/products/schneeglanz-raute-ohrhanger,https://www.sunnyartis.de/schmuck,301,,,,
sunnyartis.de/products/set-umrandungen-plotterdatei-svg,https://www.sunnyartis.de/downloads,301,,,,
www.sunnyartis.de/products/set-umrandungen-plotterdatei-svg,https://www.sunnyartis.de/downloads,301,,,,
sunnyartis.de/products/set001-1,https://www.sunnyartis.de/schmuck,301,,,,
www.sunnyartis.de/products/set001-1,https://www.sunnyartis.de/schmuck,301,,,,
sunnyartis.de/products/set002,https://www.sunnyartis.de/schmuck,301,,,,
www.sunnyartis.de/products/set002,https://www.sunnyartis.de/schmuck,301,,,,
sunnyartis.de/products/set003,https://www.sunnyartis.de/schmuck,301,,,,
www.sunnyartis.de/products/set003,https://www.sunnyartis.de/schmuck,301,,,,
sunnyartis.de/products/set004,https://www.sunnyartis.de/schmuck,301,,,,
www.sunnyartis.de/products/set004,https://www.sunnyartis.de/schmuck,301,,,,
sunnyartis.de/products/shadowbox-halloween-digitales-design,https://www.sunnyartis.de/downloads,301,,,,
www.sunnyartis.de/products/shadowbox-halloween-digitales-design,https://www.sunnyartis.de/downloads,301,,,,
sunnyartis.de/products/shadowbox-mondfee-digitales-design,https://www.sunnyartis.de/downloads,301,,,,
www.sunnyartis.de/products/shadowbox-mondfee-digitales-design,https://www.sunnyartis.de/downloads,301,,,,
sunnyartis.de/products/silber-glitzer-partyfunken-ohrringe,https://www.sunnyartis.de/schmuck,301,,,,
www.sunnyartis.de/products/silber-glitzer-partyfunken-ohrringe,https://www.sunnyartis.de/schmuck,301,,,,
sunnyartis.de/products/silver-noir-elegance-ohrringe-epoxidharz,https://www.sunnyartis.de/schmuck,301,,,,
www.sunnyartis.de/products/silver-noir-elegance-ohrringe-epoxidharz,https://www.sunnyartis.de/schmuck,301,,,,
sunnyartis.de/products/sommer-cocktail,https://www.sunnyartis.de/downloads,301,,,,
www.sunnyartis.de/products/sommer-cocktail,https://www.sunnyartis.de/downloads,301,,,,
sunnyartis.de/products/sommer-cocktail-plotterdatei-kostenlos-svg,https://www.sunnyartis.de/downloads,301,,,,
www.sunnyartis.de/products/sommer-cocktail-plotterdatei-kostenlos-svg,https://www.sunnyartis.de/downloads,301,,,,
sunnyartis.de/products/spieglein-spieglein,https://www.sunnyartis.de/downloads,301,,,,
www.sunnyartis.de/products/spieglein-spieglein,https://www.sunnyartis.de/downloads,301,,,,
sunnyartis.de/products/spieglein-spieglein-clipart-png,https://www.sunnyartis.de/downloads,301,,,,
www.sunnyartis.de/products/spieglein-spieglein-clipart-png,https://www.sunnyartis.de/downloads,301,,,,
sunnyartis.de/products/spieglein-spieglein-plotterdatei-svg,https://www.sunnyartis.de/downloads,301,,,,
www.sunnyartis.de/products/spieglein-spieglein-plotterdatei-svg,https://www.sunnyartis.de/downloads,301,,,,
sunnyartis.de/products/starry-midnight-glitz-ohrringe-epoxidharz,https://www.sunnyartis.de/schmuck,301,,,,
www.sunnyartis.de/products/starry-midnight-glitz-ohrringe-epoxidharz,https://www.sunnyartis.de/schmuck,301,,,,
sunnyartis.de/products/stellar-shadows-ohrringe,https://www.sunnyartis.de/schmuck,301,,,,
www.sunnyartis.de/products/stellar-shadows-ohrringe,https://www.sunnyartis.de/schmuck,301,,,,
sunnyartis.de/products/sterlingblue-galaxie-ohrringe-epoxidharz,https://www.sunnyartis.de/schmuck,301,,,,
www.sunnyartis.de/products/sterlingblue-galaxie-ohrringe-epoxidharz,https://www.sunnyartis.de/schmuck,301,,,,
sunnyartis.de/products/sternenklare-epoxidharz-ohrringe,https://www.sunnyartis.de/schmuck,301,,,,
www.sunnyartis.de/products/sternenklare-epoxidharz-ohrringe,https://www.sunnyartis.de/schmuck,301,,,,
sunnyartis.de/products/sternennacht-blueten-ohrringen,https://www.sunnyartis.de/schmuck,301,,,,
www.sunnyartis.de/products/sternennacht-blueten-ohrringen,https://www.sunnyartis.de/schmuck,301,,,,
sunnyartis.de/products/sternenzauber-ohrringe,https://www.sunnyartis.de/schmuck,301,,,,
www.sunnyartis.de/products/sternenzauber-ohrringe,https://www.sunnyartis.de/schmuck,301,,,,
sunnyartis.de/products/suesses-haeschen,https://www.sunnyartis.de/downloads,301,,,,
www.sunnyartis.de/products/suesses-haeschen,https://www.sunnyartis.de/downloads,301,,,,
sunnyartis.de/products/suesses-haeschen-plotterdatei-svg,https://www.sunnyartis.de/downloads,301,,,,
www.sunnyartis.de/products/suesses-haeschen-plotterdatei-svg,https://www.sunnyartis.de/downloads,301,,,,
sunnyartis.de/products/traumfaenger,https://www.sunnyartis.de/downloads,301,,,,
www.sunnyartis.de/products/traumfaenger,https://www.sunnyartis.de/downloads,301,,,,
sunnyartis.de/products/traumfaenger-plotterdatei-svg,https://www.sunnyartis.de/downloads,301,,,,
www.sunnyartis.de/products/traumfaenger-plotterdatei-svg,https://www.sunnyartis.de/downloads,301,,,,
sunnyartis.de/products/vater-sohn-sneakers,https://www.sunnyartis.de/,301,,,,
www.sunnyartis.de/products/vater-sohn-sneakers,https://www.sunnyartis.de/,301,,,,
sunnyartis.de/products/verpackung-fuer-suessigkeiten-sternmotiv-digitales-design,https://www.sunnyartis.de/downloads,301,,,,
www.sunnyartis.de/products/verpackung-fuer-suessigkeiten-sternmotiv-digitales-design,https://www.sunnyartis.de/downloads,301,,,,
sunnyartis.de/products/verschmuste-katzen-auf-dem-mond,https://www.sunnyartis.de/downloads,301,,,,
www.sunnyartis.de/products/verschmuste-katzen-auf-dem-mond,https://www.sunnyartis.de/downloads,301,,,,
sunnyartis.de/products/verspielter-kolibri,https://www.sunnyartis.de/downloads,301,,,,
www.sunnyartis.de/products/verspielter-kolibri,https://www.sunnyartis.de/downloads,301,,,,
sunnyartis.de/products/verspieltes-eichhoernchen,https://www.sunnyartis.de/downloads,301,,,,
www.sunnyartis.de/products/verspieltes-eichhoernchen,https://www.sunnyartis.de/downloads,301,,,,
sunnyartis.de/products/vikings-design,https://www.sunnyartis.de/downloads,301,,,,
www.sunnyartis.de/products/vikings-design,https://www.sunnyartis.de/downloads,301,,,,
sunnyartis.de/products/vikings-plotterdatei-svg,https://www.sunnyartis.de/downloads,301,,,,
www.sunnyartis.de/products/vikings-plotterdatei-svg,https://www.sunnyartis.de/downloads,301,,,,
sunnyartis.de/products/vogelfreiheit-plaettchen-ohrringe,https://www.sunnyartis.de/schmuck,301,,,,
www.sunnyartis.de/products/vogelfreiheit-plaettchen-ohrringe,https://www.sunnyartis.de/schmuck,301,,,,
sunnyartis.de/products/weihnachts-geschenkanhaenger,https://www.sunnyartis.de/downloads,301,,,,
www.sunnyartis.de/products/weihnachts-geschenkanhaenger,https://www.sunnyartis.de/downloads,301,,,,
sunnyartis.de/products/weihnachts-geschenkanhaenger-plotterdatei-kostenlos,https://www.sunnyartis.de/downloads,301,,,,
www.sunnyartis.de/products/weihnachts-geschenkanhaenger-plotterdatei-kostenlos,https://www.sunnyartis.de/downloads,301,,,,
sunnyartis.de/products/weihnachts-geschenkanhanger-plotterdatei-svg-kopie,https://www.sunnyartis.de/downloads,301,,,,
www.sunnyartis.de/products/weihnachts-geschenkanhanger-plotterdatei-svg-kopie,https://www.sunnyartis.de/downloads,301,,,,
sunnyartis.de/products/weihnachtsbaum-plotterdatei-svg,https://www.sunnyartis.de/downloads,301,,,,
www.sunnyartis.de/products/weihnachtsbaum-plotterdatei-svg,https://www.sunnyartis.de/downloads,301,,,,
sunnyartis.de/products/weihnachtskarte-weihnachtsmann-digitales-design,https://www.sunnyartis.de/,301,,,,
www.sunnyartis.de/products/weihnachtskarte-weihnachtsmann-digitales-design,https://www.sunnyartis.de/,301,,,,
sunnyartis.de/products/weihnachtsmann-mit-baum,https://www.sunnyartis.de/downloads,301,,,,
www.sunnyartis.de/products/weihnachtsmann-mit-baum,https://www.sunnyartis.de/downloads,301,,,,
sunnyartis.de/products/weihnachtsmann-mit-baum-plotterdatei-svg,https://www.sunnyartis.de/downloads,301,,,,
www.sunnyartis.de/products/weihnachtsmann-mit-baum-plotterdatei-svg,https://www.sunnyartis.de/downloads,301,,,,
sunnyartis.de/products/weihnachtwuensche-im-schnee,https://www.sunnyartis.de/downloads,301,,,,
www.sunnyartis.de/products/weihnachtwuensche-im-schnee,https://www.sunnyartis.de/downloads,301,,,,
sunnyartis.de/products/weihnachtwuensche-plotterdatei-svg,https://www.sunnyartis.de/downloads,301,,,,
www.sunnyartis.de/products/weihnachtwuensche-plotterdatei-svg,https://www.sunnyartis.de/downloads,301,,,,
sunnyartis.de/products/wikinger-fanset,https://www.sunnyartis.de/downloads,301,,,,
www.sunnyartis.de/products/wikinger-fanset,https://www.sunnyartis.de/downloads,301,,,,
sunnyartis.de/products/wikinger-fanset-plotterdatei-svg,https://www.sunnyartis.de/downloads,301,,,,
www.sunnyartis.de/products/wikinger-fanset-plotterdatei-svg,https://www.sunnyartis.de/downloads,301,,,,
sunnyartis.de/products/wikinger-trinkspruch-skal,https://www.sunnyartis.de/downloads,301,,,,
www.sunnyartis.de/products/wikinger-trinkspruch-skal,https://www.sunnyartis.de/downloads,301,,,,
sunnyartis.de/products/windlicht-hirsch-und-fuchs-digitales-design,https://www.sunnyartis.de/downloads,301,,,,
www.sunnyartis.de/products/windlicht-hirsch-und-fuchs-digitales-design,https://www.sunnyartis.de/downloads,301,,,,
sunnyartis.de/products/zauberhafte-quadratur-altrosa-eleganz-ohrringe,https://www.sunnyartis.de/schmuck,301,,,,
www.sunnyartis.de/products/zauberhafte-quadratur-altrosa-eleganz-ohrringe,https://www.sunnyartis.de/schmuck,301,,,,
sunnyartis.de/products/zauberhaftes-windlicht-digitales-design,https://www.sunnyartis.de/downloads,301,,,,
www.sunnyartis.de/products/zauberhaftes-windlicht-digitales-design,https://www.sunnyartis.de/downloads,301,,,,
sunnyartis.de/products/zauberhaftes-windlicht-plotterdatei-svg,https://www.sunnyartis.de/downloads,301,,,,
www.sunnyartis.de/products/zauberhaftes-windlicht-plotterdatei-svg,https://www.sunnyartis.de/downloads,301,,,,
sunnyartis.de/produkte,https://www.sunnyartis.de/,301,,,,
www.sunnyartis.de/produkte,https://www.sunnyartis.de/,301,,,,
sunnyartis.de/produkte/accessoires-und-schmuck/designs-zum-druck,https://www.sunnyartis.de/,301,,,,
www.sunnyartis.de/produkte/accessoires-und-schmuck/designs-zum-druck,https://www.sunnyartis.de/,301,,,,
sunnyartis.de/produkte/accessoires-und-schmuck/schmuck-aus-epoxidharz,https://www.sunnyartis.de/schmuck,301,,,,
www.sunnyartis.de/produkte/accessoires-und-schmuck/schmuck-aus-epoxidharz,https://www.sunnyartis.de/schmuck,301,,,,
sunnyartis.de/produkte/designs-auf-produkten,https://www.sunnyartis.de/,301,,,,
www.sunnyartis.de/produkte/designs-auf-produkten,https://www.sunnyartis.de/,301,,,,
sunnyartis.de/produkte/gutscheine,https://www.sunnyartis.de/,301,,,,
www.sunnyartis.de/produkte/gutscheine,https://www.sunnyartis.de/,301,,,,
sunnyartis.de/produkte/kommerzielle-lizenz,https://www.sunnyartis.de/downloads,301,,,,
www.sunnyartis.de/produkte/kommerzielle-lizenz,https://www.sunnyartis.de/downloads,301,,,,
sunnyartis.de/produkte/leinwände-zum-ausmalen,https://www.sunnyartis.de/malen,301,,,,
www.sunnyartis.de/produkte/leinwände-zum-ausmalen,https://www.sunnyartis.de/malen,301,,,,
sunnyartis.de/produkte/malbuch,https://www.sunnyartis.de/malen,301,,,,
www.sunnyartis.de/produkte/malbuch,https://www.sunnyartis.de/malen,301,,,,
sunnyartis.de/produkte/muster-und-digipapier,https://www.sunnyartis.de/downloads,301,,,,
www.sunnyartis.de/produkte/muster-und-digipapier,https://www.sunnyartis.de/downloads,301,,,,
sunnyartis.de/produkte/muster-und-digipapier/nahtlose-muster-und-digipapier,https://www.sunnyartis.de/downloads,301,,,,
www.sunnyartis.de/produkte/muster-und-digipapier/nahtlose-muster-und-digipapier,https://www.sunnyartis.de/downloads,301,,,,
sunnyartis.de/produkte/png-cliparts,https://www.sunnyartis.de/downloads,301,,,,
www.sunnyartis.de/produkte/png-cliparts,https://www.sunnyartis.de/downloads,301,,,,
sunnyartis.de/produkte/porträtzeichnung,https://www.sunnyartis.de/,301,,,,
www.sunnyartis.de/produkte/porträtzeichnung,https://www.sunnyartis.de/,301,,,,
sunnyartis.de/produkte/porträtzeichnung/informationen-zur-herstellung,https://www.sunnyartis.de/,301,,,,
www.sunnyartis.de/produkte/porträtzeichnung/informationen-zur-herstellung,https://www.sunnyartis.de/,301,,,,
sunnyartis.de/produkte/poster-und-prints,https://www.sunnyartis.de/gemaelde,301,,,,
www.sunnyartis.de/produkte/poster-und-prints,https://www.sunnyartis.de/gemaelde,301,,,,
sunnyartis.de/produkte/schmuck,https://www.sunnyartis.de/schmuck,301,,,,
www.sunnyartis.de/produkte/schmuck,https://www.sunnyartis.de/schmuck,301,,,,
sunnyartis.de/produkte/schmuck/ketten-und-sets,https://www.sunnyartis.de/schmuck,301,,,,
www.sunnyartis.de/produkte/schmuck/ketten-und-sets,https://www.sunnyartis.de/schmuck,301,,,,
sunnyartis.de/schmuck/ketten,https://www.sunnyartis.de/schmuck,301,,,,
www.sunnyartis.de/schmuck/ketten,https://www.sunnyartis.de/schmuck,301,,,,
sunnyartis.de/schmuck/ketten/ketten-libelle-und-anhaenger,https://www.sunnyartis.de/schmuck,301,,,,
www.sunnyartis.de/schmuck/ketten/ketten-libelle-und-anhaenger,https://www.sunnyartis.de/schmuck,301,,,,
sunnyartis.de/schmuck/ketten/ketten-mit-glitzer,https://www.sunnyartis.de/schmuck,301,,,,
www.sunnyartis.de/schmuck/ketten/ketten-mit-glitzer,https://www.sunnyartis.de/schmuck,301,,,,
sunnyartis.de/schmuck/ketten/ketten-sets,https://www.sunnyartis.de/schmuck,301,,,,
www.sunnyartis.de/schmuck/ketten/ketten-sets,https://www.sunnyartis.de/schmuck,301,,,,
sunnyartis.de/schmuck/ohrringe-1,https://www.sunnyartis.de/schmuck,301,,,,
www.sunnyartis.de/schmuck/ohrringe-1,https://www.sunnyartis.de/schmuck,301,,,,
sunnyartis.de/schmuck/ohrringe-1/ohrringe-anhänger-groß,https://www.sunnyartis.de/schmuck,301,,,,
www.sunnyartis.de/schmuck/ohrringe-1/ohrringe-anhänger-groß,https://www.sunnyartis.de/schmuck,301,,,,
sunnyartis.de/schmuck/ohrringe-1/ohrringe-anhänger-klein,https://www.sunnyartis.de/schmuck,301,,,,
www.sunnyartis.de/schmuck/ohrringe-1/ohrringe-anhänger-klein,https://www.sunnyartis.de/schmuck,301,,,,
sunnyartis.de/schmuck/ohrringe-1/ohrringe-stecker,https://www.sunnyartis.de/schmuck,301,,,,
www.sunnyartis.de/schmuck/ohrringe-1/ohrringe-stecker,https://www.sunnyartis.de/schmuck,301,,,,
sunnyartis.de/shop-unterseiten/plotterunterseiten-kostenlos/chibi-mädchen-musik,https://www.sunnyartis.de/downloads,301,,,,
www.sunnyartis.de/shop-unterseiten/plotterunterseiten-kostenlos/chibi-mädchen-musik,https://www.sunnyartis.de/downloads,301,,,,
sunnyartis.de/shop-unterseiten/plotterunterseiten-shop/mandalaset1,https://www.sunnyartis.de/,301,,,,
www.sunnyartis.de/shop-unterseiten/plotterunterseiten-shop/mandalaset1,https://www.sunnyartis.de/,301,,,,
sunnyartis.de/shop-unterseiten/plotterunterseiten-shop/sneakersset,https://www.sunnyartis.de/downloads,301,,,,
www.sunnyartis.de/shop-unterseiten/plotterunterseiten-shop/sneakersset,https://www.sunnyartis.de/downloads,301,,,,
sunnyartis.de/shop-unterseiten/poster-und-prints/shop-prints-und-poster,https://www.sunnyartis.de/gemaelde,301,,,,
www.sunnyartis.de/shop-unterseiten/poster-und-prints/shop-prints-und-poster,https://www.sunnyartis.de/gemaelde,301,,,,
sunnyartis.de/team,https://www.sunnyartis.de/,301,,,,
www.sunnyartis.de/team,https://www.sunnyartis.de/,301,,,,
sunnyartis.de/testseite,https://www.sunnyartis.de/,301,,,,
www.sunnyartis.de/testseite,https://www.sunnyartis.de/,301,,,,
sunnyartis.de/v1/produce,https://www.sunnyartis.de/,301,,,,
www.sunnyartis.de/v1/produce,https://www.sunnyartis.de/,301,,,,
sunnyartis.de/wpm,https://www.sunnyartis.de/,301,,,,
www.sunnyartis.de/wpm,https://www.sunnyartis.de/,301,,,,
sunnyartis.de/über-uns,https://www.sunnyartis.de/,301,,,,
www.sunnyartis.de/über-uns,https://www.sunnyartis.de/,301,,,,
